year,month,day,account_id,xrealip,ip_total
2022,06,01,1PMs3C13QBace6Xc-DO6wg,13.52.234.238,1
2022,06,02,1PMs3C13QBace6Xc-DO6wg,13.52.234.238,2
2022,06,03,1PMs3C13QBace6Xc-DO6wg,13.52.234.238,1
2022,06,07,1PMs3C13QBace6Xc-DO6wg,13.52.234.238,1
2022,06,08,1PMs3C13QBace6Xc-DO6wg,13.52.234.238,1
2022,06,09,1PMs3C13QBace6Xc-DO6wg,13.52.234.238,4
2022,06,13,1PMs3C13QBace6Xc-DO6wg,13.52.234.238,1
2022,06,14,1PMs3C13QBace6Xc-DO6wg,13.52.234.238,13
2022,06,01,1PMs3C13QBace6Xc-DO6wg,18.205.35.125,15
2022,06,02,1PMs3C13QBace6Xc-DO6wg,18.205.35.125,7
2022,06,02,1PMs3C13QBace6Xc-DO6wg,18.215.88.65,17
2022,06,03,1PMs3C13QBace6Xc-DO6wg,18.215.88.65,25
2022,06,04,1PMs3C13QBace6Xc-DO6wg,18.215.88.65,17
2022,06,05,1PMs3C13QBace6Xc-DO6wg,18.215.88.65,14
2022,06,06,1PMs3C13QBace6Xc-DO6wg,18.215.88.65,7
2022,06,07,1PMs3C13QBace6Xc-DO6wg,18.215.88.65,21
2022,06,08,1PMs3C13QBace6Xc-DO6wg,18.215.88.65,38
2022,06,09,1PMs3C13QBace6Xc-DO6wg,18.215.88.65,33
2022,06,10,1PMs3C13QBace6Xc-DO6wg,18.215.88.65,6
2022,06,11,1PMs3C13QBace6Xc-DO6wg,18.215.88.65,4
2022,06,12,1PMs3C13QBace6Xc-DO6wg,18.215.88.65,22
2022,06,13,1PMs3C13QBace6Xc-DO6wg,18.215.88.65,13
2022,06,14,1PMs3C13QBace6Xc-DO6wg,18.215.88.65,13
2022,06,01,1PMs3C13QBace6Xc-DO6wg,2001:559:a4:230::215,10
2022,06,02,1PMs3C13QBace6Xc-DO6wg,2001:559:a4:230::215,50
2022,06,03,1PMs3C13QBace6Xc-DO6wg,2001:559:a4:230::215,40
2022,06,04,1PMs3C13QBace6Xc-DO6wg,2001:559:a4:230::215,20
2022,06,05,1PMs3C13QBace6Xc-DO6wg,2001:559:a4:230::215,30
2022,06,07,1PMs3C13QBace6Xc-DO6wg,2001:559:a4:230::215,50
2022,06,08,1PMs3C13QBace6Xc-DO6wg,2001:559:a4:230::215,40
2022,06,09,1PMs3C13QBace6Xc-DO6wg,2001:559:a4:230::215,70
2022,06,12,1PMs3C13QBace6Xc-DO6wg,2001:559:a4:230::215,50
2022,06,13,1PMs3C13QBace6Xc-DO6wg,2001:559:a4:230::215,10
2022,06,14,1PMs3C13QBace6Xc-DO6wg,2001:559:a4:230::215,10
2022,06,01,1PMs3C13QBace6Xc-DO6wg,34.199.153.226,4
2022,06,02,1PMs3C13QBace6Xc-DO6wg,34.199.153.226,3
2022,06,03,1PMs3C13QBace6Xc-DO6wg,34.199.153.226,3
2022,06,04,1PMs3C13QBace6Xc-DO6wg,34.199.153.226,3
2022,06,05,1PMs3C13QBace6Xc-DO6wg,34.199.153.226,2
2022,06,06,1PMs3C13QBace6Xc-DO6wg,34.199.153.226,2
2022,06,07,1PMs3C13QBace6Xc-DO6wg,34.199.153.226,3
2022,06,08,1PMs3C13QBace6Xc-DO6wg,34.199.153.226,6
2022,06,09,1PMs3C13QBace6Xc-DO6wg,34.199.153.226,5
2022,06,10,1PMs3C13QBace6Xc-DO6wg,34.199.153.226,2
2022,06,12,1PMs3C13QBace6Xc-DO6wg,34.199.153.226,5
2022,06,13,1PMs3C13QBace6Xc-DO6wg,34.199.153.226,3
2022,06,14,1PMs3C13QBace6Xc-DO6wg,34.199.153.226,3
2022,06,01,1PMs3C13QBace6Xc-DO6wg,34.215.195.251,3
2022,06,02,1PMs3C13QBace6Xc-DO6wg,34.215.195.251,3
2022,06,03,1PMs3C13QBace6Xc-DO6wg,34.215.195.251,2
2022,06,04,1PMs3C13QBace6Xc-DO6wg,34.215.195.251,2
2022,06,05,1PMs3C13QBace6Xc-DO6wg,34.215.195.251,1
2022,06,06,1PMs3C13QBace6Xc-DO6wg,34.215.195.251,1
2022,06,07,1PMs3C13QBace6Xc-DO6wg,34.215.195.251,1
2022,06,08,1PMs3C13QBace6Xc-DO6wg,34.215.195.251,2
2022,06,09,1PMs3C13QBace6Xc-DO6wg,34.215.195.251,3
2022,06,10,1PMs3C13QBace6Xc-DO6wg,34.215.195.251,1
2022,06,12,1PMs3C13QBace6Xc-DO6wg,34.215.195.251,1
2022,06,13,1PMs3C13QBace6Xc-DO6wg,34.215.195.251,1
2022,06,14,1PMs3C13QBace6Xc-DO6wg,34.215.195.251,3
2022,06,01,1PMs3C13QBace6Xc-DO6wg,34.238.143.76,29
2022,06,02,1PMs3C13QBace6Xc-DO6wg,34.238.143.76,38
2022,06,03,1PMs3C13QBace6Xc-DO6wg,34.238.143.76,23
2022,06,04,1PMs3C13QBace6Xc-DO6wg,34.238.143.76,16
2022,06,05,1PMs3C13QBace6Xc-DO6wg,34.238.143.76,16
2022,06,06,1PMs3C13QBace6Xc-DO6wg,34.238.143.76,7
2022,06,07,1PMs3C13QBace6Xc-DO6wg,34.238.143.76,29
2022,06,08,1PMs3C13QBace6Xc-DO6wg,34.238.143.76,96
2022,06,09,1PMs3C13QBace6Xc-DO6wg,34.238.143.76,61
2022,06,10,1PMs3C13QBace6Xc-DO6wg,34.238.143.76,8
2022,06,12,1PMs3C13QBace6Xc-DO6wg,34.238.143.76,33
2022,06,13,1PMs3C13QBace6Xc-DO6wg,34.238.143.76,48
2022,06,14,1PMs3C13QBace6Xc-DO6wg,34.238.143.76,7
2022,06,02,1PMs3C13QBace6Xc-DO6wg,35.168.107.193,7
2022,06,03,1PMs3C13QBace6Xc-DO6wg,35.168.107.193,6
2022,06,04,1PMs3C13QBace6Xc-DO6wg,35.168.107.193,7
2022,06,05,1PMs3C13QBace6Xc-DO6wg,35.168.107.193,7
2022,06,07,1PMs3C13QBace6Xc-DO6wg,35.168.107.193,14
2022,06,08,1PMs3C13QBace6Xc-DO6wg,35.168.107.193,20
2022,06,09,1PMs3C13QBace6Xc-DO6wg,35.168.107.193,9
2022,06,12,1PMs3C13QBace6Xc-DO6wg,35.168.107.193,16
2022,06,13,1PMs3C13QBace6Xc-DO6wg,35.168.107.193,9
2022,06,14,1PMs3C13QBace6Xc-DO6wg,35.168.107.193,3
2022,06,02,1PMs3C13QBace6Xc-DO6wg,35.168.83.110,14
2022,06,03,1PMs3C13QBace6Xc-DO6wg,35.168.83.110,15
2022,06,04,1PMs3C13QBace6Xc-DO6wg,35.168.83.110,5
2022,06,05,1PMs3C13QBace6Xc-DO6wg,35.168.83.110,9
2022,06,07,1PMs3C13QBace6Xc-DO6wg,35.168.83.110,5
2022,06,08,1PMs3C13QBace6Xc-DO6wg,35.168.83.110,25
2022,06,09,1PMs3C13QBace6Xc-DO6wg,35.168.83.110,19
2022,06,12,1PMs3C13QBace6Xc-DO6wg,35.168.83.110,9
2022,06,13,1PMs3C13QBace6Xc-DO6wg,35.168.83.110,5
2022,06,14,1PMs3C13QBace6Xc-DO6wg,35.168.83.110,3
2022,06,01,1PMs3C13QBace6Xc-DO6wg,38.99.100.2,208
2022,06,02,1PMs3C13QBace6Xc-DO6wg,38.99.100.2,649
2022,06,03,1PMs3C13QBace6Xc-DO6wg,38.99.100.2,599
2022,06,04,1PMs3C13QBace6Xc-DO6wg,38.99.100.2,390
2022,06,05,1PMs3C13QBace6Xc-DO6wg,38.99.100.2,465
2022,06,06,1PMs3C13QBace6Xc-DO6wg,38.99.100.2,61
2022,06,07,1PMs3C13QBace6Xc-DO6wg,38.99.100.2,462
2022,06,08,1PMs3C13QBace6Xc-DO6wg,38.99.100.2,855
2022,06,09,1PMs3C13QBace6Xc-DO6wg,38.99.100.2,1108
2022,06,10,1PMs3C13QBace6Xc-DO6wg,38.99.100.2,35
2022,06,12,1PMs3C13QBace6Xc-DO6wg,38.99.100.2,662
2022,06,13,1PMs3C13QBace6Xc-DO6wg,38.99.100.2,200
2022,06,14,1PMs3C13QBace6Xc-DO6wg,38.99.100.2,195
2022,06,01,1PMs3C13QBace6Xc-DO6wg,52.2.54.234,2
2022,06,02,1PMs3C13QBace6Xc-DO6wg,52.2.54.234,1
2022,06,10,1PMs3C13QBace6Xc-DO6wg,52.2.54.234,1
2022,06,12,1PMs3C13QBace6Xc-DO6wg,52.2.54.234,1
2022,06,14,1PMs3C13QBace6Xc-DO6wg,52.2.54.234,1
2022,06,01,1PMs3C13QBace6Xc-DO6wg,52.206.116.55,3
2022,06,02,1PMs3C13QBace6Xc-DO6wg,52.206.116.55,2
2022,06,03,1PMs3C13QBace6Xc-DO6wg,52.206.116.55,1
2022,06,07,1PMs3C13QBace6Xc-DO6wg,52.206.116.55,1
2022,06,08,1PMs3C13QBace6Xc-DO6wg,52.206.116.55,1
2022,06,09,1PMs3C13QBace6Xc-DO6wg,52.206.116.55,5
2022,06,13,1PMs3C13QBace6Xc-DO6wg,52.206.116.55,1
2022,06,14,1PMs3C13QBace6Xc-DO6wg,52.206.116.55,1
2022,06,07,1PMs3C13QBace6Xc-DO6wg,52.3.201.247,2
2022,06,01,1PMs3C13QBace6Xc-DO6wg,52.8.119.150,1
2022,06,04,1PMs3C13QBace6Xc-DO6wg,54.208.235.193,1
2022,06,06,1PMs3C13QBace6Xc-DO6wg,54.208.235.193,1
2022,06,08,1PMs3C13QBace6Xc-DO6wg,54.208.235.193,1
2022,06,01,1PMs3C13QBace6Xc-DO6wg,54.241.124.10,7
2022,06,02,1PMs3C13QBace6Xc-DO6wg,54.241.124.10,47
2022,06,03,1PMs3C13QBace6Xc-DO6wg,54.241.124.10,34
2022,06,04,1PMs3C13QBace6Xc-DO6wg,54.241.124.10,20
2022,06,05,1PMs3C13QBace6Xc-DO6wg,54.241.124.10,26
2022,06,06,1PMs3C13QBace6Xc-DO6wg,54.241.124.10,2
2022,06,07,1PMs3C13QBace6Xc-DO6wg,54.241.124.10,32
2022,06,08,1PMs3C13QBace6Xc-DO6wg,54.241.124.10,72
2022,06,09,1PMs3C13QBace6Xc-DO6wg,54.241.124.10,68
2022,06,10,1PMs3C13QBace6Xc-DO6wg,54.241.124.10,2
2022,06,12,1PMs3C13QBace6Xc-DO6wg,54.241.124.10,40
2022,06,13,1PMs3C13QBace6Xc-DO6wg,54.241.124.10,21
2022,06,14,1PMs3C13QBace6Xc-DO6wg,54.241.124.10,15
2022,06,01,3zt8ho9cR8i6eFCKtBby8Q,13.228.103.158,5
2022,06,02,3zt8ho9cR8i6eFCKtBby8Q,13.228.103.158,6
2022,06,06,3zt8ho9cR8i6eFCKtBby8Q,13.228.103.158,17
2022,06,07,3zt8ho9cR8i6eFCKtBby8Q,13.228.103.158,6
2022,06,08,3zt8ho9cR8i6eFCKtBby8Q,13.228.103.158,6
2022,06,09,3zt8ho9cR8i6eFCKtBby8Q,13.228.103.158,1
2022,06,10,3zt8ho9cR8i6eFCKtBby8Q,13.228.103.158,4
2022,06,13,3zt8ho9cR8i6eFCKtBby8Q,13.228.103.158,3
2022,06,06,3zt8ho9cR8i6eFCKtBby8Q,13.52.234.238,1
2022,06,13,3zt8ho9cR8i6eFCKtBby8Q,13.52.234.238,1
2022,06,14,3zt8ho9cR8i6eFCKtBby8Q,13.52.234.238,268
2022,06,09,3zt8ho9cR8i6eFCKtBby8Q,18.141.241.187,2
2022,06,13,3zt8ho9cR8i6eFCKtBby8Q,18.141.241.187,15
2022,06,14,3zt8ho9cR8i6eFCKtBby8Q,18.141.241.187,3
2022,06,06,3zt8ho9cR8i6eFCKtBby8Q,18.205.35.125,2
2022,06,07,3zt8ho9cR8i6eFCKtBby8Q,18.205.35.125,2
2022,06,13,3zt8ho9cR8i6eFCKtBby8Q,18.205.35.125,11
2022,06,14,3zt8ho9cR8i6eFCKtBby8Q,18.205.35.125,7
2022,06,14,3zt8ho9cR8i6eFCKtBby8Q,2001:559:a4:225::195,2
2022,06,02,3zt8ho9cR8i6eFCKtBby8Q,2001:559:a4:230::191,74
2022,06,05,3zt8ho9cR8i6eFCKtBby8Q,2001:559:a4:230::191,21
2022,06,06,3zt8ho9cR8i6eFCKtBby8Q,2001:559:a4:230::191,94
2022,06,07,3zt8ho9cR8i6eFCKtBby8Q,2001:559:a4:230::191,99
2022,06,08,3zt8ho9cR8i6eFCKtBby8Q,2001:559:a4:230::191,169
2022,06,09,3zt8ho9cR8i6eFCKtBby8Q,2001:559:a4:230::191,152
2022,06,10,3zt8ho9cR8i6eFCKtBby8Q,2001:559:a4:230::191,17
2022,06,11,3zt8ho9cR8i6eFCKtBby8Q,2001:559:a4:230::191,1
2022,06,13,3zt8ho9cR8i6eFCKtBby8Q,2001:559:a4:230::191,74
2022,06,14,3zt8ho9cR8i6eFCKtBby8Q,2001:559:a4:230::191,71
2022,06,02,3zt8ho9cR8i6eFCKtBby8Q,2001:559:a4:230::212,4
2022,06,05,3zt8ho9cR8i6eFCKtBby8Q,2001:559:a4:230::212,3
2022,06,06,3zt8ho9cR8i6eFCKtBby8Q,2001:559:a4:230::212,23
2022,06,07,3zt8ho9cR8i6eFCKtBby8Q,2001:559:a4:230::212,21
2022,06,08,3zt8ho9cR8i6eFCKtBby8Q,2001:559:a4:230::212,53
2022,06,09,3zt8ho9cR8i6eFCKtBby8Q,2001:559:a4:230::212,91
2022,06,10,3zt8ho9cR8i6eFCKtBby8Q,2001:559:a4:230::212,3
2022,06,13,3zt8ho9cR8i6eFCKtBby8Q,2001:559:a4:230::212,12
2022,06,05,3zt8ho9cR8i6eFCKtBby8Q,3.208.254.246,1
2022,06,09,3zt8ho9cR8i6eFCKtBby8Q,3.228.197.246,1
2022,06,01,3zt8ho9cR8i6eFCKtBby8Q,34.199.153.226,11
2022,06,02,3zt8ho9cR8i6eFCKtBby8Q,34.199.153.226,3
2022,06,05,3zt8ho9cR8i6eFCKtBby8Q,34.199.153.226,2
2022,06,06,3zt8ho9cR8i6eFCKtBby8Q,34.199.153.226,4
2022,06,07,3zt8ho9cR8i6eFCKtBby8Q,34.199.153.226,7
2022,06,08,3zt8ho9cR8i6eFCKtBby8Q,34.199.153.226,9
2022,06,09,3zt8ho9cR8i6eFCKtBby8Q,34.199.153.226,12
2022,06,10,3zt8ho9cR8i6eFCKtBby8Q,34.199.153.226,4
2022,06,13,3zt8ho9cR8i6eFCKtBby8Q,34.199.153.226,19
2022,06,14,3zt8ho9cR8i6eFCKtBby8Q,34.199.153.226,13
2022,06,01,3zt8ho9cR8i6eFCKtBby8Q,34.215.195.251,1
2022,06,02,3zt8ho9cR8i6eFCKtBby8Q,34.215.195.251,1
2022,06,07,3zt8ho9cR8i6eFCKtBby8Q,34.215.195.251,3
2022,06,08,3zt8ho9cR8i6eFCKtBby8Q,34.215.195.251,1
2022,06,09,3zt8ho9cR8i6eFCKtBby8Q,34.215.195.251,3
2022,06,10,3zt8ho9cR8i6eFCKtBby8Q,34.215.195.251,1
2022,06,13,3zt8ho9cR8i6eFCKtBby8Q,34.215.195.251,5
2022,06,14,3zt8ho9cR8i6eFCKtBby8Q,34.215.195.251,1
2022,06,01,3zt8ho9cR8i6eFCKtBby8Q,34.238.143.76,582
2022,06,02,3zt8ho9cR8i6eFCKtBby8Q,34.238.143.76,398
2022,06,05,3zt8ho9cR8i6eFCKtBby8Q,34.238.143.76,20
2022,06,06,3zt8ho9cR8i6eFCKtBby8Q,34.238.143.76,384
2022,06,07,3zt8ho9cR8i6eFCKtBby8Q,34.238.143.76,577
2022,06,08,3zt8ho9cR8i6eFCKtBby8Q,34.238.143.76,441
2022,06,09,3zt8ho9cR8i6eFCKtBby8Q,34.238.143.76,324
2022,06,10,3zt8ho9cR8i6eFCKtBby8Q,34.238.143.76,294
2022,06,13,3zt8ho9cR8i6eFCKtBby8Q,34.238.143.76,437
2022,06,14,3zt8ho9cR8i6eFCKtBby8Q,34.238.143.76,392
2022,06,02,3zt8ho9cR8i6eFCKtBby8Q,35.168.107.193,35
2022,06,05,3zt8ho9cR8i6eFCKtBby8Q,35.168.107.193,18
2022,06,06,3zt8ho9cR8i6eFCKtBby8Q,35.168.107.193,57
2022,06,07,3zt8ho9cR8i6eFCKtBby8Q,35.168.107.193,42
2022,06,08,3zt8ho9cR8i6eFCKtBby8Q,35.168.107.193,56
2022,06,09,3zt8ho9cR8i6eFCKtBby8Q,35.168.107.193,81
2022,06,10,3zt8ho9cR8i6eFCKtBby8Q,35.168.107.193,10
2022,06,13,3zt8ho9cR8i6eFCKtBby8Q,35.168.107.193,32
2022,06,14,3zt8ho9cR8i6eFCKtBby8Q,35.168.107.193,25
2022,06,01,3zt8ho9cR8i6eFCKtBby8Q,35.168.83.110,1
2022,06,02,3zt8ho9cR8i6eFCKtBby8Q,35.168.83.110,25
2022,06,05,3zt8ho9cR8i6eFCKtBby8Q,35.168.83.110,3
2022,06,06,3zt8ho9cR8i6eFCKtBby8Q,35.168.83.110,18
2022,06,07,3zt8ho9cR8i6eFCKtBby8Q,35.168.83.110,32
2022,06,08,3zt8ho9cR8i6eFCKtBby8Q,35.168.83.110,55
2022,06,09,3zt8ho9cR8i6eFCKtBby8Q,35.168.83.110,78
2022,06,10,3zt8ho9cR8i6eFCKtBby8Q,35.168.83.110,4
2022,06,11,3zt8ho9cR8i6eFCKtBby8Q,35.168.83.110,1
2022,06,13,3zt8ho9cR8i6eFCKtBby8Q,35.168.83.110,25
2022,06,14,3zt8ho9cR8i6eFCKtBby8Q,35.168.83.110,34
2022,06,01,3zt8ho9cR8i6eFCKtBby8Q,38.99.100.2,575
2022,06,02,3zt8ho9cR8i6eFCKtBby8Q,38.99.100.2,616
2022,06,03,3zt8ho9cR8i6eFCKtBby8Q,38.99.100.2,1
2022,06,04,3zt8ho9cR8i6eFCKtBby8Q,38.99.100.2,1
2022,06,05,3zt8ho9cR8i6eFCKtBby8Q,38.99.100.2,1
2022,06,06,3zt8ho9cR8i6eFCKtBby8Q,38.99.100.2,437
2022,06,07,3zt8ho9cR8i6eFCKtBby8Q,38.99.100.2,612
2022,06,08,3zt8ho9cR8i6eFCKtBby8Q,38.99.100.2,748
2022,06,09,3zt8ho9cR8i6eFCKtBby8Q,38.99.100.2,442
2022,06,10,3zt8ho9cR8i6eFCKtBby8Q,38.99.100.2,380
2022,06,13,3zt8ho9cR8i6eFCKtBby8Q,38.99.100.2,679
2022,06,14,3zt8ho9cR8i6eFCKtBby8Q,38.99.100.2,743
2022,06,01,3zt8ho9cR8i6eFCKtBby8Q,38.99.100.7,45
2022,06,02,3zt8ho9cR8i6eFCKtBby8Q,38.99.100.7,154
2022,06,03,3zt8ho9cR8i6eFCKtBby8Q,38.99.100.7,5
2022,06,04,3zt8ho9cR8i6eFCKtBby8Q,38.99.100.7,4
2022,06,05,3zt8ho9cR8i6eFCKtBby8Q,38.99.100.7,87
2022,06,06,3zt8ho9cR8i6eFCKtBby8Q,38.99.100.7,338
2022,06,07,3zt8ho9cR8i6eFCKtBby8Q,38.99.100.7,276
2022,06,08,3zt8ho9cR8i6eFCKtBby8Q,38.99.100.7,133
2022,06,09,3zt8ho9cR8i6eFCKtBby8Q,38.99.100.7,580
2022,06,10,3zt8ho9cR8i6eFCKtBby8Q,38.99.100.7,80
2022,06,13,3zt8ho9cR8i6eFCKtBby8Q,38.99.100.7,84
2022,06,14,3zt8ho9cR8i6eFCKtBby8Q,38.99.100.7,67
2022,06,10,3zt8ho9cR8i6eFCKtBby8Q,38.99.114.227,11
2022,06,02,3zt8ho9cR8i6eFCKtBby8Q,52.2.54.234,1
2022,06,06,3zt8ho9cR8i6eFCKtBby8Q,52.2.54.234,1
2022,06,01,3zt8ho9cR8i6eFCKtBby8Q,52.206.116.55,5
2022,06,02,3zt8ho9cR8i6eFCKtBby8Q,52.206.116.55,1
2022,06,06,3zt8ho9cR8i6eFCKtBby8Q,52.206.116.55,4
2022,06,07,3zt8ho9cR8i6eFCKtBby8Q,52.206.116.55,2
2022,06,08,3zt8ho9cR8i6eFCKtBby8Q,52.206.116.55,2
2022,06,09,3zt8ho9cR8i6eFCKtBby8Q,52.206.116.55,4
2022,06,10,3zt8ho9cR8i6eFCKtBby8Q,52.206.116.55,3
2022,06,13,3zt8ho9cR8i6eFCKtBby8Q,52.206.116.55,6
2022,06,14,3zt8ho9cR8i6eFCKtBby8Q,52.206.116.55,10
2022,06,14,3zt8ho9cR8i6eFCKtBby8Q,52.220.255.171,4
2022,06,06,3zt8ho9cR8i6eFCKtBby8Q,52.3.201.247,4
2022,06,07,3zt8ho9cR8i6eFCKtBby8Q,52.3.201.247,23
2022,06,08,3zt8ho9cR8i6eFCKtBby8Q,52.3.201.247,3
2022,06,13,3zt8ho9cR8i6eFCKtBby8Q,52.3.201.247,3
2022,06,14,3zt8ho9cR8i6eFCKtBby8Q,52.3.201.247,23
2022,06,01,3zt8ho9cR8i6eFCKtBby8Q,52.53.102.163,3
2022,06,07,3zt8ho9cR8i6eFCKtBby8Q,52.53.102.163,1
2022,06,10,3zt8ho9cR8i6eFCKtBby8Q,52.53.102.163,1
2022,06,13,3zt8ho9cR8i6eFCKtBby8Q,52.53.102.163,3
2022,06,02,3zt8ho9cR8i6eFCKtBby8Q,52.74.225.218,2
2022,06,08,3zt8ho9cR8i6eFCKtBby8Q,52.74.225.218,3
2022,06,13,3zt8ho9cR8i6eFCKtBby8Q,52.74.225.218,8
2022,06,14,3zt8ho9cR8i6eFCKtBby8Q,52.74.225.218,21
2022,06,02,3zt8ho9cR8i6eFCKtBby8Q,52.76.116.153,1
2022,06,07,3zt8ho9cR8i6eFCKtBby8Q,52.76.116.153,2
2022,06,13,3zt8ho9cR8i6eFCKtBby8Q,52.76.116.153,2
2022,06,14,3zt8ho9cR8i6eFCKtBby8Q,52.76.116.153,23
2022,06,09,3zt8ho9cR8i6eFCKtBby8Q,52.76.192.139,2
2022,06,10,3zt8ho9cR8i6eFCKtBby8Q,52.76.192.139,1
2022,06,11,3zt8ho9cR8i6eFCKtBby8Q,52.76.192.139,1
2022,06,12,3zt8ho9cR8i6eFCKtBby8Q,52.76.192.139,1
2022,06,13,3zt8ho9cR8i6eFCKtBby8Q,52.76.192.139,1
2022,06,14,3zt8ho9cR8i6eFCKtBby8Q,52.76.192.139,2
2022,06,02,3zt8ho9cR8i6eFCKtBby8Q,52.8.119.150,2
2022,06,05,3zt8ho9cR8i6eFCKtBby8Q,52.8.119.150,1
2022,06,06,3zt8ho9cR8i6eFCKtBby8Q,52.8.119.150,1
2022,06,09,3zt8ho9cR8i6eFCKtBby8Q,52.8.119.150,1
2022,06,10,3zt8ho9cR8i6eFCKtBby8Q,52.8.119.150,2
2022,06,13,3zt8ho9cR8i6eFCKtBby8Q,52.8.119.150,21
2022,06,01,3zt8ho9cR8i6eFCKtBby8Q,54.179.122.232,1
2022,06,06,3zt8ho9cR8i6eFCKtBby8Q,54.179.122.232,5
2022,06,10,3zt8ho9cR8i6eFCKtBby8Q,54.179.122.232,2
2022,06,13,3zt8ho9cR8i6eFCKtBby8Q,54.179.122.232,2
2022,06,14,3zt8ho9cR8i6eFCKtBby8Q,54.179.122.232,2
2022,06,09,3zt8ho9cR8i6eFCKtBby8Q,54.208.235.193,1
2022,06,01,3zt8ho9cR8i6eFCKtBby8Q,54.241.124.10,34
2022,06,02,3zt8ho9cR8i6eFCKtBby8Q,54.241.124.10,39
2022,06,03,3zt8ho9cR8i6eFCKtBby8Q,54.241.124.10,1
2022,06,05,3zt8ho9cR8i6eFCKtBby8Q,54.241.124.10,2
2022,06,06,3zt8ho9cR8i6eFCKtBby8Q,54.241.124.10,44
2022,06,07,3zt8ho9cR8i6eFCKtBby8Q,54.241.124.10,44
2022,06,08,3zt8ho9cR8i6eFCKtBby8Q,54.241.124.10,72
2022,06,09,3zt8ho9cR8i6eFCKtBby8Q,54.241.124.10,61
2022,06,10,3zt8ho9cR8i6eFCKtBby8Q,54.241.124.10,20
2022,06,13,3zt8ho9cR8i6eFCKtBby8Q,54.241.124.10,37
2022,06,14,3zt8ho9cR8i6eFCKtBby8Q,54.241.124.10,71
2022,06,01,56kxmRAVT8OpF4MS8ZdoxA,NULL,1310
2022,06,02,56kxmRAVT8OpF4MS8ZdoxA,NULL,1310
2022,06,03,56kxmRAVT8OpF4MS8ZdoxA,NULL,1305
2022,06,04,56kxmRAVT8OpF4MS8ZdoxA,NULL,1296
2022,06,05,56kxmRAVT8OpF4MS8ZdoxA,NULL,1334
2022,06,06,56kxmRAVT8OpF4MS8ZdoxA,NULL,1282
2022,06,07,56kxmRAVT8OpF4MS8ZdoxA,NULL,1297
2022,06,08,56kxmRAVT8OpF4MS8ZdoxA,NULL,1294
2022,06,09,56kxmRAVT8OpF4MS8ZdoxA,NULL,1244
2022,06,10,56kxmRAVT8OpF4MS8ZdoxA,NULL,1191
2022,06,11,56kxmRAVT8OpF4MS8ZdoxA,NULL,1209
2022,06,12,56kxmRAVT8OpF4MS8ZdoxA,NULL,1182
2022,06,13,56kxmRAVT8OpF4MS8ZdoxA,NULL,1175
2022,06,14,56kxmRAVT8OpF4MS8ZdoxA,NULL,1299
2022,06,02,M5UsaeEbQrC2oxCrQzferQ,13.228.103.158,4
2022,06,07,M5UsaeEbQrC2oxCrQzferQ,13.228.103.158,2
2022,06,07,M5UsaeEbQrC2oxCrQzferQ,18.141.241.187,2
2022,06,07,M5UsaeEbQrC2oxCrQzferQ,18.205.35.125,19
2022,06,08,M5UsaeEbQrC2oxCrQzferQ,18.205.35.125,27
2022,06,10,M5UsaeEbQrC2oxCrQzferQ,2001:559:a4:227:c0e:95dc:932a:ef8c,3
2022,06,09,M5UsaeEbQrC2oxCrQzferQ,2001:559:a4:227:cd6f:b784:1173:1a64,7
2022,06,01,M5UsaeEbQrC2oxCrQzferQ,2001:559:a4:230::191,8
2022,06,02,M5UsaeEbQrC2oxCrQzferQ,2001:559:a4:230::191,16
2022,06,06,M5UsaeEbQrC2oxCrQzferQ,2001:559:a4:230::191,9
2022,06,08,M5UsaeEbQrC2oxCrQzferQ,2001:559:a4:230::191,7
2022,06,10,M5UsaeEbQrC2oxCrQzferQ,2001:559:a4:230::191,5
2022,06,14,M5UsaeEbQrC2oxCrQzferQ,2001:559:a4:230::191,19
2022,06,01,M5UsaeEbQrC2oxCrQzferQ,2001:559:a4:230::212,7
2022,06,02,M5UsaeEbQrC2oxCrQzferQ,2001:559:a4:230::212,7
2022,06,08,M5UsaeEbQrC2oxCrQzferQ,2001:559:a4:230::212,6
2022,06,10,M5UsaeEbQrC2oxCrQzferQ,2001:559:a4:230::212,25
2022,06,14,M5UsaeEbQrC2oxCrQzferQ,2001:559:a4:230::212,19
2022,06,02,M5UsaeEbQrC2oxCrQzferQ,2001:559:a4:230::215,1
2022,06,10,M5UsaeEbQrC2oxCrQzferQ,2001:559:a4:230::215,3
2022,06,06,M5UsaeEbQrC2oxCrQzferQ,2001:559:a4:234:250:56ff:fe86:6b9a,5
2022,06,07,M5UsaeEbQrC2oxCrQzferQ,2001:559:a4:234:250:56ff:fe86:6b9a,3
2022,06,06,M5UsaeEbQrC2oxCrQzferQ,2001:559:a4:235::9,1
2022,06,07,M5UsaeEbQrC2oxCrQzferQ,2001:559:a4:235::9,1
2022,06,09,M5UsaeEbQrC2oxCrQzferQ,2001:559:a4:235::9,53
2022,06,10,M5UsaeEbQrC2oxCrQzferQ,2001:559:a4:235::9,7
2022,06,14,M5UsaeEbQrC2oxCrQzferQ,2001:559:a4:235::9,1
2022,06,09,M5UsaeEbQrC2oxCrQzferQ,2001:559:a4:236:71ea:c5d6:cda4:f6fe,3
2022,06,02,M5UsaeEbQrC2oxCrQzferQ,3.129.241.121,1
2022,06,14,M5UsaeEbQrC2oxCrQzferQ,3.129.241.121,1
2022,06,06,M5UsaeEbQrC2oxCrQzferQ,3.208.254.246,3
2022,06,07,M5UsaeEbQrC2oxCrQzferQ,3.208.254.246,2
2022,06,10,M5UsaeEbQrC2oxCrQzferQ,3.208.254.246,1
2022,06,14,M5UsaeEbQrC2oxCrQzferQ,3.208.254.246,1
2022,06,01,M5UsaeEbQrC2oxCrQzferQ,34.199.153.226,2
2022,06,06,M5UsaeEbQrC2oxCrQzferQ,34.199.153.226,3
2022,06,08,M5UsaeEbQrC2oxCrQzferQ,34.199.153.226,1
2022,06,09,M5UsaeEbQrC2oxCrQzferQ,34.199.153.226,1
2022,06,10,M5UsaeEbQrC2oxCrQzferQ,34.199.153.226,1
2022,06,13,M5UsaeEbQrC2oxCrQzferQ,34.199.153.226,3
2022,06,06,M5UsaeEbQrC2oxCrQzferQ,34.215.195.251,1
2022,06,07,M5UsaeEbQrC2oxCrQzferQ,34.215.195.251,1
2022,06,09,M5UsaeEbQrC2oxCrQzferQ,34.215.195.251,7
2022,06,10,M5UsaeEbQrC2oxCrQzferQ,34.215.195.251,7
2022,06,14,M5UsaeEbQrC2oxCrQzferQ,34.215.195.251,2
2022,06,02,M5UsaeEbQrC2oxCrQzferQ,34.238.143.76,2
2022,06,08,M5UsaeEbQrC2oxCrQzferQ,34.238.143.76,4
2022,06,09,M5UsaeEbQrC2oxCrQzferQ,34.238.143.76,1
2022,06,10,M5UsaeEbQrC2oxCrQzferQ,34.238.143.76,2
2022,06,13,M5UsaeEbQrC2oxCrQzferQ,34.238.143.76,4
2022,06,14,M5UsaeEbQrC2oxCrQzferQ,34.238.143.76,8
2022,06,02,M5UsaeEbQrC2oxCrQzferQ,35.168.107.193,8
2022,06,07,M5UsaeEbQrC2oxCrQzferQ,35.168.107.193,12
2022,06,08,M5UsaeEbQrC2oxCrQzferQ,35.168.107.193,6
2022,06,09,M5UsaeEbQrC2oxCrQzferQ,35.168.107.193,2599
2022,06,10,M5UsaeEbQrC2oxCrQzferQ,35.168.107.193,12
2022,06,14,M5UsaeEbQrC2oxCrQzferQ,35.168.107.193,6
2022,06,01,M5UsaeEbQrC2oxCrQzferQ,35.168.83.110,6
2022,06,02,M5UsaeEbQrC2oxCrQzferQ,35.168.83.110,8
2022,06,06,M5UsaeEbQrC2oxCrQzferQ,35.168.83.110,5
2022,06,07,M5UsaeEbQrC2oxCrQzferQ,35.168.83.110,6
2022,06,08,M5UsaeEbQrC2oxCrQzferQ,35.168.83.110,1
2022,06,09,M5UsaeEbQrC2oxCrQzferQ,35.168.83.110,184
2022,06,10,M5UsaeEbQrC2oxCrQzferQ,35.168.83.110,31
2022,06,14,M5UsaeEbQrC2oxCrQzferQ,35.168.83.110,19
2022,06,01,M5UsaeEbQrC2oxCrQzferQ,38.99.100.2,209
2022,06,02,M5UsaeEbQrC2oxCrQzferQ,38.99.100.2,306
2022,06,06,M5UsaeEbQrC2oxCrQzferQ,38.99.100.2,633
2022,06,07,M5UsaeEbQrC2oxCrQzferQ,38.99.100.2,151
2022,06,08,M5UsaeEbQrC2oxCrQzferQ,38.99.100.2,131
2022,06,09,M5UsaeEbQrC2oxCrQzferQ,38.99.100.2,414
2022,06,10,M5UsaeEbQrC2oxCrQzferQ,38.99.100.2,398
2022,06,13,M5UsaeEbQrC2oxCrQzferQ,38.99.100.2,76
2022,06,14,M5UsaeEbQrC2oxCrQzferQ,38.99.100.2,167
2022,06,02,M5UsaeEbQrC2oxCrQzferQ,52.2.54.234,1
2022,06,08,M5UsaeEbQrC2oxCrQzferQ,52.2.54.234,1
2022,06,13,M5UsaeEbQrC2oxCrQzferQ,52.2.54.234,1
2022,06,08,M5UsaeEbQrC2oxCrQzferQ,52.53.102.163,1
2022,06,02,M5UsaeEbQrC2oxCrQzferQ,52.8.119.150,1
2022,06,06,M5UsaeEbQrC2oxCrQzferQ,52.8.119.150,1
2022,06,06,M5UsaeEbQrC2oxCrQzferQ,54.208.235.193,1
2022,06,10,M5UsaeEbQrC2oxCrQzferQ,54.208.235.193,1
2022,06,09,M5UsaeEbQrC2oxCrQzferQ,54.241.124.10,1
2022,06,06,S6Xz47u2SxKYzXy85qKLDg,NULL,1
2022,06,01,S6Xz47u2SxKYzXy85qKLDg,13.228.103.158,14
2022,06,02,S6Xz47u2SxKYzXy85qKLDg,13.228.103.158,11
2022,06,03,S6Xz47u2SxKYzXy85qKLDg,13.228.103.158,8
2022,06,04,S6Xz47u2SxKYzXy85qKLDg,13.228.103.158,9
2022,06,05,S6Xz47u2SxKYzXy85qKLDg,13.228.103.158,10
2022,06,06,S6Xz47u2SxKYzXy85qKLDg,13.228.103.158,9
2022,06,07,S6Xz47u2SxKYzXy85qKLDg,13.228.103.158,1
2022,06,08,S6Xz47u2SxKYzXy85qKLDg,13.228.103.158,57
2022,06,09,S6Xz47u2SxKYzXy85qKLDg,13.228.103.158,25
2022,06,10,S6Xz47u2SxKYzXy85qKLDg,13.228.103.158,10
2022,06,11,S6Xz47u2SxKYzXy85qKLDg,13.228.103.158,12
2022,06,12,S6Xz47u2SxKYzXy85qKLDg,13.228.103.158,14
2022,06,13,S6Xz47u2SxKYzXy85qKLDg,13.228.103.158,10
2022,06,14,S6Xz47u2SxKYzXy85qKLDg,13.228.103.158,9
2022,06,02,S6Xz47u2SxKYzXy85qKLDg,18.138.183.50,2
2022,06,07,S6Xz47u2SxKYzXy85qKLDg,18.141.241.187,13
2022,06,08,S6Xz47u2SxKYzXy85qKLDg,18.141.241.187,26
2022,06,09,S6Xz47u2SxKYzXy85qKLDg,18.141.241.187,5
2022,06,10,S6Xz47u2SxKYzXy85qKLDg,18.141.241.187,5
2022,06,13,S6Xz47u2SxKYzXy85qKLDg,18.141.241.187,2
2022,06,14,S6Xz47u2SxKYzXy85qKLDg,18.141.241.187,24
2022,06,01,S6Xz47u2SxKYzXy85qKLDg,18.215.9.7,4
2022,06,08,S6Xz47u2SxKYzXy85qKLDg,18.215.9.7,2
2022,06,09,S6Xz47u2SxKYzXy85qKLDg,18.215.9.7,3
2022,06,10,S6Xz47u2SxKYzXy85qKLDg,18.215.9.7,6
2022,06,11,S6Xz47u2SxKYzXy85qKLDg,18.215.9.7,6
2022,06,12,S6Xz47u2SxKYzXy85qKLDg,18.215.9.7,1
2022,06,14,S6Xz47u2SxKYzXy85qKLDg,18.215.9.7,2
2022,06,01,S6Xz47u2SxKYzXy85qKLDg,18.222.87.8,3
2022,06,08,S6Xz47u2SxKYzXy85qKLDg,18.222.87.8,4
2022,06,09,S6Xz47u2SxKYzXy85qKLDg,18.222.87.8,4
2022,06,10,S6Xz47u2SxKYzXy85qKLDg,18.222.87.8,4
2022,06,11,S6Xz47u2SxKYzXy85qKLDg,18.222.87.8,4
2022,06,12,S6Xz47u2SxKYzXy85qKLDg,18.222.87.8,4
2022,06,13,S6Xz47u2SxKYzXy85qKLDg,18.222.87.8,4
2022,06,14,S6Xz47u2SxKYzXy85qKLDg,18.222.87.8,4
2022,06,01,S6Xz47u2SxKYzXy85qKLDg,2001:559:a4:21e:7dd4:9358:a0a7:4ac,144
2022,06,02,S6Xz47u2SxKYzXy85qKLDg,2001:559:a4:21e:7dd4:9358:a0a7:4ac,134
2022,06,03,S6Xz47u2SxKYzXy85qKLDg,2001:559:a4:21e:7dd4:9358:a0a7:4ac,144
2022,06,04,S6Xz47u2SxKYzXy85qKLDg,2001:559:a4:21e:7dd4:9358:a0a7:4ac,144
2022,06,05,S6Xz47u2SxKYzXy85qKLDg,2001:559:a4:21e:7dd4:9358:a0a7:4ac,144
2022,06,06,S6Xz47u2SxKYzXy85qKLDg,2001:559:a4:21e:7dd4:9358:a0a7:4ac,139
2022,06,07,S6Xz47u2SxKYzXy85qKLDg,2001:559:a4:21e:7dd4:9358:a0a7:4ac,142
2022,06,08,S6Xz47u2SxKYzXy85qKLDg,2001:559:a4:21e:7dd4:9358:a0a7:4ac,133
2022,06,09,S6Xz47u2SxKYzXy85qKLDg,2001:559:a4:21e:7dd4:9358:a0a7:4ac,144
2022,06,10,S6Xz47u2SxKYzXy85qKLDg,2001:559:a4:21e:7dd4:9358:a0a7:4ac,143
2022,06,11,S6Xz47u2SxKYzXy85qKLDg,2001:559:a4:21e:7dd4:9358:a0a7:4ac,144
2022,06,12,S6Xz47u2SxKYzXy85qKLDg,2001:559:a4:21e:7dd4:9358:a0a7:4ac,144
2022,06,13,S6Xz47u2SxKYzXy85qKLDg,2001:559:a4:21e:7dd4:9358:a0a7:4ac,143
2022,06,14,S6Xz47u2SxKYzXy85qKLDg,2001:559:a4:21e:7dd4:9358:a0a7:4ac,144
2022,06,01,S6Xz47u2SxKYzXy85qKLDg,2001:559:a4:225::195,151
2022,06,02,S6Xz47u2SxKYzXy85qKLDg,2001:559:a4:225::195,244
2022,06,03,S6Xz47u2SxKYzXy85qKLDg,2001:559:a4:225::195,204
2022,06,04,S6Xz47u2SxKYzXy85qKLDg,2001:559:a4:225::195,198
2022,06,05,S6Xz47u2SxKYzXy85qKLDg,2001:559:a4:225::195,201
2022,06,06,S6Xz47u2SxKYzXy85qKLDg,2001:559:a4:225::195,205
2022,06,07,S6Xz47u2SxKYzXy85qKLDg,2001:559:a4:225::195,240
2022,06,08,S6Xz47u2SxKYzXy85qKLDg,2001:559:a4:225::195,205
2022,06,09,S6Xz47u2SxKYzXy85qKLDg,2001:559:a4:225::195,204
2022,06,10,S6Xz47u2SxKYzXy85qKLDg,2001:559:a4:225::195,347
2022,06,11,S6Xz47u2SxKYzXy85qKLDg,2001:559:a4:225::195,208
2022,06,12,S6Xz47u2SxKYzXy85qKLDg,2001:559:a4:225::195,165
2022,06,13,S6Xz47u2SxKYzXy85qKLDg,2001:559:a4:225::195,219
2022,06,14,S6Xz47u2SxKYzXy85qKLDg,2001:559:a4:225::195,207
2022,06,06,S6Xz47u2SxKYzXy85qKLDg,2001:559:a4:225::89,16
2022,06,07,S6Xz47u2SxKYzXy85qKLDg,2001:559:a4:225::89,27
2022,06,01,S6Xz47u2SxKYzXy85qKLDg,2001:559:a4:230::191,160
2022,06,02,S6Xz47u2SxKYzXy85qKLDg,2001:559:a4:230::191,258
2022,06,03,S6Xz47u2SxKYzXy85qKLDg,2001:559:a4:230::191,178
2022,06,04,S6Xz47u2SxKYzXy85qKLDg,2001:559:a4:230::191,170
2022,06,05,S6Xz47u2SxKYzXy85qKLDg,2001:559:a4:230::191,167
2022,06,06,S6Xz47u2SxKYzXy85qKLDg,2001:559:a4:230::191,248
2022,06,07,S6Xz47u2SxKYzXy85qKLDg,2001:559:a4:230::191,300
2022,06,08,S6Xz47u2SxKYzXy85qKLDg,2001:559:a4:230::191,168
2022,06,09,S6Xz47u2SxKYzXy85qKLDg,2001:559:a4:230::191,196
2022,06,10,S6Xz47u2SxKYzXy85qKLDg,2001:559:a4:230::191,353
2022,06,11,S6Xz47u2SxKYzXy85qKLDg,2001:559:a4:230::191,208
2022,06,12,S6Xz47u2SxKYzXy85qKLDg,2001:559:a4:230::191,138
2022,06,13,S6Xz47u2SxKYzXy85qKLDg,2001:559:a4:230::191,221
2022,06,14,S6Xz47u2SxKYzXy85qKLDg,2001:559:a4:230::191,208
2022,06,01,S6Xz47u2SxKYzXy85qKLDg,2001:559:a4:230::212,43
2022,06,02,S6Xz47u2SxKYzXy85qKLDg,2001:559:a4:230::212,35
2022,06,03,S6Xz47u2SxKYzXy85qKLDg,2001:559:a4:230::212,54
2022,06,04,S6Xz47u2SxKYzXy85qKLDg,2001:559:a4:230::212,61
2022,06,05,S6Xz47u2SxKYzXy85qKLDg,2001:559:a4:230::212,66
2022,06,06,S6Xz47u2SxKYzXy85qKLDg,2001:559:a4:230::212,29
2022,06,07,S6Xz47u2SxKYzXy85qKLDg,2001:559:a4:230::212,31
2022,06,08,S6Xz47u2SxKYzXy85qKLDg,2001:559:a4:230::212,55
2022,06,09,S6Xz47u2SxKYzXy85qKLDg,2001:559:a4:230::212,40
2022,06,10,S6Xz47u2SxKYzXy85qKLDg,2001:559:a4:230::212,51
2022,06,11,S6Xz47u2SxKYzXy85qKLDg,2001:559:a4:230::212,39
2022,06,12,S6Xz47u2SxKYzXy85qKLDg,2001:559:a4:230::212,37
2022,06,13,S6Xz47u2SxKYzXy85qKLDg,2001:559:a4:230::212,41
2022,06,14,S6Xz47u2SxKYzXy85qKLDg,2001:559:a4:230::212,40
2022,06,01,S6Xz47u2SxKYzXy85qKLDg,2001:559:a4:230::215,9
2022,06,02,S6Xz47u2SxKYzXy85qKLDg,2001:559:a4:230::215,24
2022,06,03,S6Xz47u2SxKYzXy85qKLDg,2001:559:a4:230::215,9
2022,06,04,S6Xz47u2SxKYzXy85qKLDg,2001:559:a4:230::215,9
2022,06,05,S6Xz47u2SxKYzXy85qKLDg,2001:559:a4:230::215,7
2022,06,06,S6Xz47u2SxKYzXy85qKLDg,2001:559:a4:230::215,12
2022,06,07,S6Xz47u2SxKYzXy85qKLDg,2001:559:a4:230::215,21
2022,06,08,S6Xz47u2SxKYzXy85qKLDg,2001:559:a4:230::215,9
2022,06,09,S6Xz47u2SxKYzXy85qKLDg,2001:559:a4:230::215,9
2022,06,10,S6Xz47u2SxKYzXy85qKLDg,2001:559:a4:230::215,15
2022,06,11,S6Xz47u2SxKYzXy85qKLDg,2001:559:a4:230::215,9
2022,06,12,S6Xz47u2SxKYzXy85qKLDg,2001:559:a4:230::215,9
2022,06,13,S6Xz47u2SxKYzXy85qKLDg,2001:559:a4:230::215,9
2022,06,14,S6Xz47u2SxKYzXy85qKLDg,2001:559:a4:230::215,12
2022,06,10,S6Xz47u2SxKYzXy85qKLDg,3.129.241.121,1
2022,06,01,S6Xz47u2SxKYzXy85qKLDg,3.135.116.212,3
2022,06,08,S6Xz47u2SxKYzXy85qKLDg,3.135.116.212,4
2022,06,09,S6Xz47u2SxKYzXy85qKLDg,3.135.116.212,4
2022,06,10,S6Xz47u2SxKYzXy85qKLDg,3.135.116.212,4
2022,06,11,S6Xz47u2SxKYzXy85qKLDg,3.135.116.212,4
2022,06,12,S6Xz47u2SxKYzXy85qKLDg,3.135.116.212,4
2022,06,13,S6Xz47u2SxKYzXy85qKLDg,3.135.116.212,4
2022,06,14,S6Xz47u2SxKYzXy85qKLDg,3.135.116.212,4
2022,06,02,S6Xz47u2SxKYzXy85qKLDg,3.208.254.246,59
2022,06,03,S6Xz47u2SxKYzXy85qKLDg,3.208.254.246,48
2022,06,04,S6Xz47u2SxKYzXy85qKLDg,3.208.254.246,43
2022,06,05,S6Xz47u2SxKYzXy85qKLDg,3.208.254.246,46
2022,06,06,S6Xz47u2SxKYzXy85qKLDg,3.208.254.246,63
2022,06,07,S6Xz47u2SxKYzXy85qKLDg,3.208.254.246,105
2022,06,08,S6Xz47u2SxKYzXy85qKLDg,3.208.254.246,64
2022,06,09,S6Xz47u2SxKYzXy85qKLDg,3.208.254.246,45
2022,06,10,S6Xz47u2SxKYzXy85qKLDg,3.208.254.246,82
2022,06,11,S6Xz47u2SxKYzXy85qKLDg,3.208.254.246,45
2022,06,12,S6Xz47u2SxKYzXy85qKLDg,3.208.254.246,42
2022,06,13,S6Xz47u2SxKYzXy85qKLDg,3.208.254.246,55
2022,06,14,S6Xz47u2SxKYzXy85qKLDg,3.208.254.246,45
2022,06,01,S6Xz47u2SxKYzXy85qKLDg,3.208.78.53,6
2022,06,02,S6Xz47u2SxKYzXy85qKLDg,3.208.78.53,9
2022,06,03,S6Xz47u2SxKYzXy85qKLDg,3.208.78.53,10
2022,06,04,S6Xz47u2SxKYzXy85qKLDg,3.208.78.53,7
2022,06,05,S6Xz47u2SxKYzXy85qKLDg,3.208.78.53,15
2022,06,06,S6Xz47u2SxKYzXy85qKLDg,3.208.78.53,13
2022,06,07,S6Xz47u2SxKYzXy85qKLDg,3.208.78.53,13
2022,06,08,S6Xz47u2SxKYzXy85qKLDg,3.208.78.53,3
2022,06,09,S6Xz47u2SxKYzXy85qKLDg,3.208.78.53,7
2022,06,10,S6Xz47u2SxKYzXy85qKLDg,3.208.78.53,4
2022,06,11,S6Xz47u2SxKYzXy85qKLDg,3.208.78.53,2
2022,06,12,S6Xz47u2SxKYzXy85qKLDg,3.208.78.53,2
2022,06,13,S6Xz47u2SxKYzXy85qKLDg,3.208.78.53,4
2022,06,14,S6Xz47u2SxKYzXy85qKLDg,3.208.78.53,4
2022,06,01,S6Xz47u2SxKYzXy85qKLDg,3.81.247.40,2
2022,06,02,S6Xz47u2SxKYzXy85qKLDg,3.81.247.40,15
2022,06,03,S6Xz47u2SxKYzXy85qKLDg,3.81.247.40,14
2022,06,04,S6Xz47u2SxKYzXy85qKLDg,3.81.247.40,15
2022,06,05,S6Xz47u2SxKYzXy85qKLDg,3.81.247.40,7
2022,06,06,S6Xz47u2SxKYzXy85qKLDg,3.81.247.40,11
2022,06,07,S6Xz47u2SxKYzXy85qKLDg,3.81.247.40,11
2022,06,08,S6Xz47u2SxKYzXy85qKLDg,3.81.247.40,5
2022,06,09,S6Xz47u2SxKYzXy85qKLDg,3.81.247.40,1
2022,06,10,S6Xz47u2SxKYzXy85qKLDg,3.81.247.40,4
2022,06,11,S6Xz47u2SxKYzXy85qKLDg,3.81.247.40,6
2022,06,12,S6Xz47u2SxKYzXy85qKLDg,3.81.247.40,6
2022,06,13,S6Xz47u2SxKYzXy85qKLDg,3.81.247.40,4
2022,06,14,S6Xz47u2SxKYzXy85qKLDg,3.81.247.40,4
2022,06,01,S6Xz47u2SxKYzXy85qKLDg,34.199.153.226,15
2022,06,02,S6Xz47u2SxKYzXy85qKLDg,34.199.153.226,18
2022,06,03,S6Xz47u2SxKYzXy85qKLDg,34.199.153.226,13
2022,06,04,S6Xz47u2SxKYzXy85qKLDg,34.199.153.226,12
2022,06,05,S6Xz47u2SxKYzXy85qKLDg,34.199.153.226,11
2022,06,06,S6Xz47u2SxKYzXy85qKLDg,34.199.153.226,19
2022,06,07,S6Xz47u2SxKYzXy85qKLDg,34.199.153.226,23
2022,06,08,S6Xz47u2SxKYzXy85qKLDg,34.199.153.226,13
2022,06,09,S6Xz47u2SxKYzXy85qKLDg,34.199.153.226,18
2022,06,10,S6Xz47u2SxKYzXy85qKLDg,34.199.153.226,22
2022,06,11,S6Xz47u2SxKYzXy85qKLDg,34.199.153.226,15
2022,06,12,S6Xz47u2SxKYzXy85qKLDg,34.199.153.226,24
2022,06,13,S6Xz47u2SxKYzXy85qKLDg,34.199.153.226,10
2022,06,14,S6Xz47u2SxKYzXy85qKLDg,34.199.153.226,21
2022,06,01,S6Xz47u2SxKYzXy85qKLDg,34.225.193.22,4
2022,06,08,S6Xz47u2SxKYzXy85qKLDg,34.225.193.22,6
2022,06,09,S6Xz47u2SxKYzXy85qKLDg,34.225.193.22,5
2022,06,10,S6Xz47u2SxKYzXy85qKLDg,34.225.193.22,2
2022,06,11,S6Xz47u2SxKYzXy85qKLDg,34.225.193.22,2
2022,06,12,S6Xz47u2SxKYzXy85qKLDg,34.225.193.22,7
2022,06,13,S6Xz47u2SxKYzXy85qKLDg,34.225.193.22,8
2022,06,14,S6Xz47u2SxKYzXy85qKLDg,34.225.193.22,6
2022,06,01,S6Xz47u2SxKYzXy85qKLDg,34.238.143.76,324
2022,06,02,S6Xz47u2SxKYzXy85qKLDg,34.238.143.76,232
2022,06,03,S6Xz47u2SxKYzXy85qKLDg,34.238.143.76,121
2022,06,04,S6Xz47u2SxKYzXy85qKLDg,34.238.143.76,81
2022,06,05,S6Xz47u2SxKYzXy85qKLDg,34.238.143.76,76
2022,06,06,S6Xz47u2SxKYzXy85qKLDg,34.238.143.76,129
2022,06,07,S6Xz47u2SxKYzXy85qKLDg,34.238.143.76,243
2022,06,08,S6Xz47u2SxKYzXy85qKLDg,34.238.143.76,239
2022,06,09,S6Xz47u2SxKYzXy85qKLDg,34.238.143.76,228
2022,06,10,S6Xz47u2SxKYzXy85qKLDg,34.238.143.76,229
2022,06,11,S6Xz47u2SxKYzXy85qKLDg,34.238.143.76,113
2022,06,12,S6Xz47u2SxKYzXy85qKLDg,34.238.143.76,111
2022,06,13,S6Xz47u2SxKYzXy85qKLDg,34.238.143.76,211
2022,06,14,S6Xz47u2SxKYzXy85qKLDg,34.238.143.76,250
2022,06,01,S6Xz47u2SxKYzXy85qKLDg,35.168.107.193,81
2022,06,02,S6Xz47u2SxKYzXy85qKLDg,35.168.107.193,96
2022,06,03,S6Xz47u2SxKYzXy85qKLDg,35.168.107.193,63
2022,06,04,S6Xz47u2SxKYzXy85qKLDg,35.168.107.193,62
2022,06,05,S6Xz47u2SxKYzXy85qKLDg,35.168.107.193,79
2022,06,06,S6Xz47u2SxKYzXy85qKLDg,35.168.107.193,111
2022,06,07,S6Xz47u2SxKYzXy85qKLDg,35.168.107.193,103
2022,06,08,S6Xz47u2SxKYzXy85qKLDg,35.168.107.193,60
2022,06,09,S6Xz47u2SxKYzXy85qKLDg,35.168.107.193,75
2022,06,10,S6Xz47u2SxKYzXy85qKLDg,35.168.107.193,122
2022,06,11,S6Xz47u2SxKYzXy85qKLDg,35.168.107.193,90
2022,06,12,S6Xz47u2SxKYzXy85qKLDg,35.168.107.193,50
2022,06,13,S6Xz47u2SxKYzXy85qKLDg,35.168.107.193,81
2022,06,14,S6Xz47u2SxKYzXy85qKLDg,35.168.107.193,68
2022,06,01,S6Xz47u2SxKYzXy85qKLDg,35.168.83.110,48
2022,06,02,S6Xz47u2SxKYzXy85qKLDg,35.168.83.110,85
2022,06,03,S6Xz47u2SxKYzXy85qKLDg,35.168.83.110,80
2022,06,04,S6Xz47u2SxKYzXy85qKLDg,35.168.83.110,75
2022,06,05,S6Xz47u2SxKYzXy85qKLDg,35.168.83.110,66
2022,06,06,S6Xz47u2SxKYzXy85qKLDg,35.168.83.110,62
2022,06,07,S6Xz47u2SxKYzXy85qKLDg,35.168.83.110,107
2022,06,08,S6Xz47u2SxKYzXy85qKLDg,35.168.83.110,79
2022,06,09,S6Xz47u2SxKYzXy85qKLDg,35.168.83.110,71
2022,06,10,S6Xz47u2SxKYzXy85qKLDg,35.168.83.110,125
2022,06,11,S6Xz47u2SxKYzXy85qKLDg,35.168.83.110,70
2022,06,12,S6Xz47u2SxKYzXy85qKLDg,35.168.83.110,70
2022,06,13,S6Xz47u2SxKYzXy85qKLDg,35.168.83.110,88
2022,06,14,S6Xz47u2SxKYzXy85qKLDg,35.168.83.110,88
2022,06,01,S6Xz47u2SxKYzXy85qKLDg,38.99.100.2,3899
2022,06,02,S6Xz47u2SxKYzXy85qKLDg,38.99.100.2,4963
2022,06,03,S6Xz47u2SxKYzXy85qKLDg,38.99.100.2,3579
2022,06,04,S6Xz47u2SxKYzXy85qKLDg,38.99.100.2,2990
2022,06,05,S6Xz47u2SxKYzXy85qKLDg,38.99.100.2,2938
2022,06,06,S6Xz47u2SxKYzXy85qKLDg,38.99.100.2,4237
2022,06,07,S6Xz47u2SxKYzXy85qKLDg,38.99.100.2,5459
2022,06,08,S6Xz47u2SxKYzXy85qKLDg,38.99.100.2,3963
2022,06,09,S6Xz47u2SxKYzXy85qKLDg,38.99.100.2,3525
2022,06,10,S6Xz47u2SxKYzXy85qKLDg,38.99.100.2,5354
2022,06,11,S6Xz47u2SxKYzXy85qKLDg,38.99.100.2,2977
2022,06,12,S6Xz47u2SxKYzXy85qKLDg,38.99.100.2,2990
2022,06,13,S6Xz47u2SxKYzXy85qKLDg,38.99.100.2,5073
2022,06,14,S6Xz47u2SxKYzXy85qKLDg,38.99.100.2,3512
2022,06,01,S6Xz47u2SxKYzXy85qKLDg,38.99.100.7,49
2022,06,10,S6Xz47u2SxKYzXy85qKLDg,38.99.100.7,2
2022,06,02,S6Xz47u2SxKYzXy85qKLDg,52.2.54.234,1
2022,06,03,S6Xz47u2SxKYzXy85qKLDg,52.2.54.234,2
2022,06,04,S6Xz47u2SxKYzXy85qKLDg,52.2.54.234,4
2022,06,05,S6Xz47u2SxKYzXy85qKLDg,52.2.54.234,2
2022,06,06,S6Xz47u2SxKYzXy85qKLDg,52.2.54.234,1
2022,06,01,S6Xz47u2SxKYzXy85qKLDg,52.206.116.55,120
2022,06,02,S6Xz47u2SxKYzXy85qKLDg,52.206.116.55,169
2022,06,03,S6Xz47u2SxKYzXy85qKLDg,52.206.116.55,119
2022,06,04,S6Xz47u2SxKYzXy85qKLDg,52.206.116.55,118
2022,06,05,S6Xz47u2SxKYzXy85qKLDg,52.206.116.55,119
2022,06,06,S6Xz47u2SxKYzXy85qKLDg,52.206.116.55,145
2022,06,07,S6Xz47u2SxKYzXy85qKLDg,52.206.116.55,176
2022,06,08,S6Xz47u2SxKYzXy85qKLDg,52.206.116.55,119
2022,06,09,S6Xz47u2SxKYzXy85qKLDg,52.206.116.55,120
2022,06,10,S6Xz47u2SxKYzXy85qKLDg,52.206.116.55,201
2022,06,11,S6Xz47u2SxKYzXy85qKLDg,52.206.116.55,121
2022,06,12,S6Xz47u2SxKYzXy85qKLDg,52.206.116.55,108
2022,06,13,S6Xz47u2SxKYzXy85qKLDg,52.206.116.55,129
2022,06,14,S6Xz47u2SxKYzXy85qKLDg,52.206.116.55,125
2022,06,13,S6Xz47u2SxKYzXy85qKLDg,52.220.255.171,5
2022,06,14,S6Xz47u2SxKYzXy85qKLDg,52.220.255.171,1
2022,06,01,S6Xz47u2SxKYzXy85qKLDg,52.3.89.155,2
2022,06,02,S6Xz47u2SxKYzXy85qKLDg,52.3.89.155,3
2022,06,03,S6Xz47u2SxKYzXy85qKLDg,52.3.89.155,2
2022,06,04,S6Xz47u2SxKYzXy85qKLDg,52.3.89.155,2
2022,06,05,S6Xz47u2SxKYzXy85qKLDg,52.3.89.155,2
2022,06,06,S6Xz47u2SxKYzXy85qKLDg,52.3.89.155,3
2022,06,07,S6Xz47u2SxKYzXy85qKLDg,52.3.89.155,6
2022,06,08,S6Xz47u2SxKYzXy85qKLDg,52.3.89.155,6
2022,06,09,S6Xz47u2SxKYzXy85qKLDg,52.3.89.155,1
2022,06,10,S6Xz47u2SxKYzXy85qKLDg,52.3.89.155,6
2022,06,11,S6Xz47u2SxKYzXy85qKLDg,52.3.89.155,3
2022,06,12,S6Xz47u2SxKYzXy85qKLDg,52.3.89.155,2
2022,06,13,S6Xz47u2SxKYzXy85qKLDg,52.3.89.155,4
2022,06,14,S6Xz47u2SxKYzXy85qKLDg,52.3.89.155,3
2022,06,08,S6Xz47u2SxKYzXy85qKLDg,52.53.102.163,1
2022,06,01,S6Xz47u2SxKYzXy85qKLDg,52.74.225.218,90
2022,06,02,S6Xz47u2SxKYzXy85qKLDg,52.74.225.218,141
2022,06,03,S6Xz47u2SxKYzXy85qKLDg,52.74.225.218,96
2022,06,04,S6Xz47u2SxKYzXy85qKLDg,52.74.225.218,112
2022,06,05,S6Xz47u2SxKYzXy85qKLDg,52.74.225.218,90
2022,06,06,S6Xz47u2SxKYzXy85qKLDg,52.74.225.218,160
2022,06,07,S6Xz47u2SxKYzXy85qKLDg,52.74.225.218,202
2022,06,08,S6Xz47u2SxKYzXy85qKLDg,52.74.225.218,97
2022,06,09,S6Xz47u2SxKYzXy85qKLDg,52.74.225.218,69
2022,06,10,S6Xz47u2SxKYzXy85qKLDg,52.74.225.218,180
2022,06,11,S6Xz47u2SxKYzXy85qKLDg,52.74.225.218,96
2022,06,12,S6Xz47u2SxKYzXy85qKLDg,52.74.225.218,85
2022,06,13,S6Xz47u2SxKYzXy85qKLDg,52.74.225.218,87
2022,06,14,S6Xz47u2SxKYzXy85qKLDg,52.74.225.218,106
2022,06,01,S6Xz47u2SxKYzXy85qKLDg,52.76.116.153,110
2022,06,02,S6Xz47u2SxKYzXy85qKLDg,52.76.116.153,148
2022,06,03,S6Xz47u2SxKYzXy85qKLDg,52.76.116.153,113
2022,06,04,S6Xz47u2SxKYzXy85qKLDg,52.76.116.153,91
2022,06,05,S6Xz47u2SxKYzXy85qKLDg,52.76.116.153,111
2022,06,06,S6Xz47u2SxKYzXy85qKLDg,52.76.116.153,146
2022,06,07,S6Xz47u2SxKYzXy85qKLDg,52.76.116.153,260
2022,06,08,S6Xz47u2SxKYzXy85qKLDg,52.76.116.153,109
2022,06,09,S6Xz47u2SxKYzXy85qKLDg,52.76.116.153,97
2022,06,10,S6Xz47u2SxKYzXy85qKLDg,52.76.116.153,189
2022,06,11,S6Xz47u2SxKYzXy85qKLDg,52.76.116.153,99
2022,06,12,S6Xz47u2SxKYzXy85qKLDg,52.76.116.153,88
2022,06,13,S6Xz47u2SxKYzXy85qKLDg,52.76.116.153,113
2022,06,14,S6Xz47u2SxKYzXy85qKLDg,52.76.116.153,106
2022,06,02,S6Xz47u2SxKYzXy85qKLDg,52.76.192.139,2
2022,06,03,S6Xz47u2SxKYzXy85qKLDg,52.76.192.139,2
2022,06,05,S6Xz47u2SxKYzXy85qKLDg,52.76.192.139,2
2022,06,06,S6Xz47u2SxKYzXy85qKLDg,52.76.192.139,2
2022,06,07,S6Xz47u2SxKYzXy85qKLDg,52.76.192.139,2
2022,06,08,S6Xz47u2SxKYzXy85qKLDg,52.76.192.139,2
2022,06,09,S6Xz47u2SxKYzXy85qKLDg,52.76.192.139,2
2022,06,10,S6Xz47u2SxKYzXy85qKLDg,52.76.192.139,1
2022,06,11,S6Xz47u2SxKYzXy85qKLDg,52.76.192.139,1
2022,06,12,S6Xz47u2SxKYzXy85qKLDg,52.76.192.139,1
2022,06,13,S6Xz47u2SxKYzXy85qKLDg,52.76.192.139,1
2022,06,14,S6Xz47u2SxKYzXy85qKLDg,52.76.192.139,1
2022,06,01,S6Xz47u2SxKYzXy85qKLDg,54.179.122.232,9
2022,06,02,S6Xz47u2SxKYzXy85qKLDg,54.179.122.232,24
2022,06,03,S6Xz47u2SxKYzXy85qKLDg,54.179.122.232,11
2022,06,04,S6Xz47u2SxKYzXy85qKLDg,54.179.122.232,5
2022,06,05,S6Xz47u2SxKYzXy85qKLDg,54.179.122.232,3
2022,06,06,S6Xz47u2SxKYzXy85qKLDg,54.179.122.232,18
2022,06,07,S6Xz47u2SxKYzXy85qKLDg,54.179.122.232,8
2022,06,08,S6Xz47u2SxKYzXy85qKLDg,54.179.122.232,31
2022,06,09,S6Xz47u2SxKYzXy85qKLDg,54.179.122.232,48
2022,06,10,S6Xz47u2SxKYzXy85qKLDg,54.179.122.232,33
2022,06,11,S6Xz47u2SxKYzXy85qKLDg,54.179.122.232,16
2022,06,12,S6Xz47u2SxKYzXy85qKLDg,54.179.122.232,12
2022,06,13,S6Xz47u2SxKYzXy85qKLDg,54.179.122.232,35
2022,06,01,S6Xz47u2SxKYzXy85qKLDg,54.241.124.10,72
2022,06,06,WTpQ2Q_rSKm0-eGZtyakog,122.248.214.55,1
2022,06,07,WTpQ2Q_rSKm0-eGZtyakog,122.248.214.55,10
2022,06,07,WTpQ2Q_rSKm0-eGZtyakog,13.214.27.241,12
2022,06,01,WTpQ2Q_rSKm0-eGZtyakog,13.228.103.158,48
2022,06,02,WTpQ2Q_rSKm0-eGZtyakog,13.228.103.158,20
2022,06,07,WTpQ2Q_rSKm0-eGZtyakog,13.228.103.158,14
2022,06,08,WTpQ2Q_rSKm0-eGZtyakog,13.228.103.158,43
2022,06,09,WTpQ2Q_rSKm0-eGZtyakog,13.228.103.158,13
2022,06,13,WTpQ2Q_rSKm0-eGZtyakog,13.228.103.158,7
2022,06,14,WTpQ2Q_rSKm0-eGZtyakog,13.228.103.158,4
2022,06,07,WTpQ2Q_rSKm0-eGZtyakog,18.141.241.187,4
2022,06,08,WTpQ2Q_rSKm0-eGZtyakog,18.141.241.187,6
2022,06,13,WTpQ2Q_rSKm0-eGZtyakog,18.141.241.187,5
2022,06,14,WTpQ2Q_rSKm0-eGZtyakog,18.141.241.187,1
2022,06,14,WTpQ2Q_rSKm0-eGZtyakog,2001:559:a4:227:942d:1c0:a430:2e5a,19
2022,06,09,WTpQ2Q_rSKm0-eGZtyakog,2001:559:a4:227:b849:2335:1460:5ca8,213
2022,06,06,WTpQ2Q_rSKm0-eGZtyakog,2001:559:a4:228:65df:8970:94dd:7b2b,16
2022,06,02,WTpQ2Q_rSKm0-eGZtyakog,2001:559:a4:230::191,3
2022,06,06,WTpQ2Q_rSKm0-eGZtyakog,2001:559:a4:230::191,1
2022,06,09,WTpQ2Q_rSKm0-eGZtyakog,2001:559:a4:230::191,40
2022,06,13,WTpQ2Q_rSKm0-eGZtyakog,2001:559:a4:230::191,15
2022,06,14,WTpQ2Q_rSKm0-eGZtyakog,2001:559:a4:230::191,33
2022,06,02,WTpQ2Q_rSKm0-eGZtyakog,2001:559:a4:230::212,2
2022,06,06,WTpQ2Q_rSKm0-eGZtyakog,2001:559:a4:230::212,1
2022,06,10,WTpQ2Q_rSKm0-eGZtyakog,2001:559:a4:230::212,12
2022,06,01,WTpQ2Q_rSKm0-eGZtyakog,2001:559:a4:230::215,3
2022,06,02,WTpQ2Q_rSKm0-eGZtyakog,2001:559:a4:230::215,10
2022,06,06,WTpQ2Q_rSKm0-eGZtyakog,2001:559:a4:230::215,15
2022,06,07,WTpQ2Q_rSKm0-eGZtyakog,2001:559:a4:230::215,6
2022,06,08,WTpQ2Q_rSKm0-eGZtyakog,2001:559:a4:230::215,59
2022,06,09,WTpQ2Q_rSKm0-eGZtyakog,2001:559:a4:230::215,17
2022,06,13,WTpQ2Q_rSKm0-eGZtyakog,2001:559:a4:230::215,113
2022,06,14,WTpQ2Q_rSKm0-eGZtyakog,2001:559:a4:230::215,75
2022,06,09,WTpQ2Q_rSKm0-eGZtyakog,2001:559:a4:230::51,114
2022,06,10,WTpQ2Q_rSKm0-eGZtyakog,2001:559:a4:230::51,91
2022,06,11,WTpQ2Q_rSKm0-eGZtyakog,2001:559:a4:230::51,3
2022,06,13,WTpQ2Q_rSKm0-eGZtyakog,2001:559:a4:230::51,397
2022,06,14,WTpQ2Q_rSKm0-eGZtyakog,2001:559:a4:230::51,189
2022,06,01,WTpQ2Q_rSKm0-eGZtyakog,2001:559:a4:234:250:56ff:fe86:6b9a,11
2022,06,06,WTpQ2Q_rSKm0-eGZtyakog,2001:559:a4:234:250:56ff:fe86:6b9a,3
2022,06,07,WTpQ2Q_rSKm0-eGZtyakog,2001:559:a4:234:250:56ff:fe86:6b9a,4
2022,06,08,WTpQ2Q_rSKm0-eGZtyakog,2001:559:a4:234:250:56ff:fe86:6b9a,12
2022,06,13,WTpQ2Q_rSKm0-eGZtyakog,2001:559:a4:234:250:56ff:fe86:6b9a,2
2022,06,02,WTpQ2Q_rSKm0-eGZtyakog,3.208.254.246,7
2022,06,06,WTpQ2Q_rSKm0-eGZtyakog,3.208.254.246,7
2022,06,07,WTpQ2Q_rSKm0-eGZtyakog,3.208.254.246,10
2022,06,08,WTpQ2Q_rSKm0-eGZtyakog,3.208.254.246,34
2022,06,09,WTpQ2Q_rSKm0-eGZtyakog,3.208.254.246,23
2022,06,10,WTpQ2Q_rSKm0-eGZtyakog,3.208.254.246,4
2022,06,13,WTpQ2Q_rSKm0-eGZtyakog,3.208.254.246,5
2022,06,14,WTpQ2Q_rSKm0-eGZtyakog,3.208.254.246,12
2022,06,07,WTpQ2Q_rSKm0-eGZtyakog,3.228.197.246,3
2022,06,13,WTpQ2Q_rSKm0-eGZtyakog,3.228.197.246,1
2022,06,14,WTpQ2Q_rSKm0-eGZtyakog,3.228.197.246,2
2022,06,14,WTpQ2Q_rSKm0-eGZtyakog,34.197.169.6,4
2022,06,01,WTpQ2Q_rSKm0-eGZtyakog,34.199.153.226,20
2022,06,02,WTpQ2Q_rSKm0-eGZtyakog,34.199.153.226,12
2022,06,03,WTpQ2Q_rSKm0-eGZtyakog,34.199.153.226,1
2022,06,05,WTpQ2Q_rSKm0-eGZtyakog,34.199.153.226,1
2022,06,06,WTpQ2Q_rSKm0-eGZtyakog,34.199.153.226,34
2022,06,07,WTpQ2Q_rSKm0-eGZtyakog,34.199.153.226,5
2022,06,08,WTpQ2Q_rSKm0-eGZtyakog,34.199.153.226,26
2022,06,09,WTpQ2Q_rSKm0-eGZtyakog,34.199.153.226,31
2022,06,10,WTpQ2Q_rSKm0-eGZtyakog,34.199.153.226,17
2022,06,11,WTpQ2Q_rSKm0-eGZtyakog,34.199.153.226,3
2022,06,12,WTpQ2Q_rSKm0-eGZtyakog,34.199.153.226,3
2022,06,13,WTpQ2Q_rSKm0-eGZtyakog,34.199.153.226,75
2022,06,14,WTpQ2Q_rSKm0-eGZtyakog,34.199.153.226,40
2022,06,01,WTpQ2Q_rSKm0-eGZtyakog,34.238.143.76,24
2022,06,02,WTpQ2Q_rSKm0-eGZtyakog,34.238.143.76,12
2022,06,06,WTpQ2Q_rSKm0-eGZtyakog,34.238.143.76,71
2022,06,07,WTpQ2Q_rSKm0-eGZtyakog,34.238.143.76,18
2022,06,08,WTpQ2Q_rSKm0-eGZtyakog,34.238.143.76,127
2022,06,09,WTpQ2Q_rSKm0-eGZtyakog,34.238.143.76,250
2022,06,10,WTpQ2Q_rSKm0-eGZtyakog,34.238.143.76,83
2022,06,12,WTpQ2Q_rSKm0-eGZtyakog,34.238.143.76,10
2022,06,13,WTpQ2Q_rSKm0-eGZtyakog,34.238.143.76,94
2022,06,14,WTpQ2Q_rSKm0-eGZtyakog,34.238.143.76,98
2022,06,09,WTpQ2Q_rSKm0-eGZtyakog,35.168.107.193,33
2022,06,14,WTpQ2Q_rSKm0-eGZtyakog,35.168.107.193,18
2022,06,08,WTpQ2Q_rSKm0-eGZtyakog,35.168.83.110,1
2022,06,10,WTpQ2Q_rSKm0-eGZtyakog,35.168.83.110,11
2022,06,13,WTpQ2Q_rSKm0-eGZtyakog,35.168.83.110,12
2022,06,14,WTpQ2Q_rSKm0-eGZtyakog,35.168.83.110,6
2022,06,08,WTpQ2Q_rSKm0-eGZtyakog,36.33.24.184,3
2022,06,09,WTpQ2Q_rSKm0-eGZtyakog,36.33.24.184,1
2022,06,13,WTpQ2Q_rSKm0-eGZtyakog,36.33.24.184,35
2022,06,02,WTpQ2Q_rSKm0-eGZtyakog,38.99.100.10,1
2022,06,13,WTpQ2Q_rSKm0-eGZtyakog,38.99.100.10,1
2022,06,14,WTpQ2Q_rSKm0-eGZtyakog,38.99.100.10,3
2022,06,01,WTpQ2Q_rSKm0-eGZtyakog,38.99.100.2,3001
2022,06,02,WTpQ2Q_rSKm0-eGZtyakog,38.99.100.2,2311
2022,06,03,WTpQ2Q_rSKm0-eGZtyakog,38.99.100.2,26
2022,06,04,WTpQ2Q_rSKm0-eGZtyakog,38.99.100.2,25
2022,06,05,WTpQ2Q_rSKm0-eGZtyakog,38.99.100.2,29
2022,06,06,WTpQ2Q_rSKm0-eGZtyakog,38.99.100.2,2489
2022,06,07,WTpQ2Q_rSKm0-eGZtyakog,38.99.100.2,2552
2022,06,08,WTpQ2Q_rSKm0-eGZtyakog,38.99.100.2,4033
2022,06,09,WTpQ2Q_rSKm0-eGZtyakog,38.99.100.2,4260
2022,06,10,WTpQ2Q_rSKm0-eGZtyakog,38.99.100.2,1481
2022,06,11,WTpQ2Q_rSKm0-eGZtyakog,38.99.100.2,493
2022,06,12,WTpQ2Q_rSKm0-eGZtyakog,38.99.100.2,531
2022,06,13,WTpQ2Q_rSKm0-eGZtyakog,38.99.100.2,3766
2022,06,14,WTpQ2Q_rSKm0-eGZtyakog,38.99.100.2,6090
2022,06,09,WTpQ2Q_rSKm0-eGZtyakog,38.99.100.7,5
2022,06,10,WTpQ2Q_rSKm0-eGZtyakog,38.99.100.7,1
2022,06,14,WTpQ2Q_rSKm0-eGZtyakog,38.99.100.7,1
2022,06,10,WTpQ2Q_rSKm0-eGZtyakog,52.1.3.8,2
2022,06,13,WTpQ2Q_rSKm0-eGZtyakog,52.1.3.8,1
2022,06,01,WTpQ2Q_rSKm0-eGZtyakog,52.2.54.234,1
2022,06,06,WTpQ2Q_rSKm0-eGZtyakog,52.2.54.234,2
2022,06,12,WTpQ2Q_rSKm0-eGZtyakog,52.2.54.234,1
2022,06,14,WTpQ2Q_rSKm0-eGZtyakog,52.2.54.234,1
2022,06,01,WTpQ2Q_rSKm0-eGZtyakog,52.206.116.55,54
2022,06,02,WTpQ2Q_rSKm0-eGZtyakog,52.206.116.55,50
2022,06,06,WTpQ2Q_rSKm0-eGZtyakog,52.206.116.55,79
2022,06,07,WTpQ2Q_rSKm0-eGZtyakog,52.206.116.55,34
2022,06,08,WTpQ2Q_rSKm0-eGZtyakog,52.206.116.55,89
2022,06,09,WTpQ2Q_rSKm0-eGZtyakog,52.206.116.55,84
2022,06,10,WTpQ2Q_rSKm0-eGZtyakog,52.206.116.55,28
2022,06,11,WTpQ2Q_rSKm0-eGZtyakog,52.206.116.55,1
2022,06,13,WTpQ2Q_rSKm0-eGZtyakog,52.206.116.55,123
2022,06,14,WTpQ2Q_rSKm0-eGZtyakog,52.206.116.55,54
2022,06,13,WTpQ2Q_rSKm0-eGZtyakog,52.220.255.171,3
2022,06,01,WTpQ2Q_rSKm0-eGZtyakog,52.53.102.163,2
2022,06,02,WTpQ2Q_rSKm0-eGZtyakog,52.53.102.163,2
2022,06,04,WTpQ2Q_rSKm0-eGZtyakog,52.53.102.163,1
2022,06,06,WTpQ2Q_rSKm0-eGZtyakog,52.53.102.163,1
2022,06,09,WTpQ2Q_rSKm0-eGZtyakog,52.53.102.163,3
2022,06,10,WTpQ2Q_rSKm0-eGZtyakog,52.53.102.163,1
2022,06,14,WTpQ2Q_rSKm0-eGZtyakog,52.53.102.163,1
2022,06,02,WTpQ2Q_rSKm0-eGZtyakog,52.55.25.149,1
2022,06,09,WTpQ2Q_rSKm0-eGZtyakog,52.55.25.149,8
2022,06,10,WTpQ2Q_rSKm0-eGZtyakog,52.55.25.149,4
2022,06,12,WTpQ2Q_rSKm0-eGZtyakog,52.55.25.149,6
2022,06,13,WTpQ2Q_rSKm0-eGZtyakog,52.55.25.149,2
2022,06,14,WTpQ2Q_rSKm0-eGZtyakog,52.55.25.149,4
2022,06,01,WTpQ2Q_rSKm0-eGZtyakog,52.74.225.218,44
2022,06,02,WTpQ2Q_rSKm0-eGZtyakog,52.74.225.218,20
2022,06,06,WTpQ2Q_rSKm0-eGZtyakog,52.74.225.218,22
2022,06,07,WTpQ2Q_rSKm0-eGZtyakog,52.74.225.218,7
2022,06,08,WTpQ2Q_rSKm0-eGZtyakog,52.74.225.218,8
2022,06,09,WTpQ2Q_rSKm0-eGZtyakog,52.74.225.218,21
2022,06,10,WTpQ2Q_rSKm0-eGZtyakog,52.74.225.218,1
2022,06,13,WTpQ2Q_rSKm0-eGZtyakog,52.74.225.218,17
2022,06,14,WTpQ2Q_rSKm0-eGZtyakog,52.74.225.218,80
2022,06,01,WTpQ2Q_rSKm0-eGZtyakog,52.76.116.153,39
2022,06,02,WTpQ2Q_rSKm0-eGZtyakog,52.76.116.153,16
2022,06,03,WTpQ2Q_rSKm0-eGZtyakog,52.76.116.153,1
2022,06,06,WTpQ2Q_rSKm0-eGZtyakog,52.76.116.153,12
2022,06,07,WTpQ2Q_rSKm0-eGZtyakog,52.76.116.153,26
2022,06,08,WTpQ2Q_rSKm0-eGZtyakog,52.76.116.153,37
2022,06,09,WTpQ2Q_rSKm0-eGZtyakog,52.76.116.153,9
2022,06,10,WTpQ2Q_rSKm0-eGZtyakog,52.76.116.153,2
2022,06,13,WTpQ2Q_rSKm0-eGZtyakog,52.76.116.153,18
2022,06,14,WTpQ2Q_rSKm0-eGZtyakog,52.76.116.153,64
2022,06,08,WTpQ2Q_rSKm0-eGZtyakog,52.8.119.150,1
2022,06,09,WTpQ2Q_rSKm0-eGZtyakog,52.8.119.150,5
2022,06,10,WTpQ2Q_rSKm0-eGZtyakog,52.8.119.150,2
2022,06,13,WTpQ2Q_rSKm0-eGZtyakog,52.8.119.150,1
2022,06,14,WTpQ2Q_rSKm0-eGZtyakog,52.8.119.150,1
2022,06,01,WTpQ2Q_rSKm0-eGZtyakog,54.156.52.165,3
2022,06,01,WTpQ2Q_rSKm0-eGZtyakog,54.179.122.232,26
2022,06,02,WTpQ2Q_rSKm0-eGZtyakog,54.179.122.232,1
2022,06,03,WTpQ2Q_rSKm0-eGZtyakog,54.179.122.232,3
2022,06,06,WTpQ2Q_rSKm0-eGZtyakog,54.179.122.232,19
2022,06,07,WTpQ2Q_rSKm0-eGZtyakog,54.179.122.232,5
2022,06,08,WTpQ2Q_rSKm0-eGZtyakog,54.179.122.232,12
2022,06,09,WTpQ2Q_rSKm0-eGZtyakog,54.179.122.232,6
2022,06,10,WTpQ2Q_rSKm0-eGZtyakog,54.179.122.232,4
2022,06,13,WTpQ2Q_rSKm0-eGZtyakog,54.179.122.232,13
2022,06,14,WTpQ2Q_rSKm0-eGZtyakog,54.179.122.232,5
2022,06,01,WTpQ2Q_rSKm0-eGZtyakog,54.208.235.193,3
2022,06,08,WTpQ2Q_rSKm0-eGZtyakog,54.208.235.193,2
2022,06,12,WTpQ2Q_rSKm0-eGZtyakog,54.208.235.193,2
2022,06,14,WTpQ2Q_rSKm0-eGZtyakog,54.208.235.193,2
2022,06,07,WTpQ2Q_rSKm0-eGZtyakog,54.237.153.172,1
2022,06,09,WTpQ2Q_rSKm0-eGZtyakog,54.237.153.172,5
2022,06,09,WTpQ2Q_rSKm0-eGZtyakog,54.243.200.62,4
2022,06,10,WTpQ2Q_rSKm0-eGZtyakog,54.243.200.62,1
2022,06,14,WTpQ2Q_rSKm0-eGZtyakog,54.243.200.62,3
2022,06,09,WTpQ2Q_rSKm0-eGZtyakog,54.81.235.189,5
2022,06,14,WTpQ2Q_rSKm0-eGZtyakog,54.81.235.189,2
2022,06,01,gaGRN96VSLCKvBvg-GsPNw,13.228.103.158,8
2022,06,02,gaGRN96VSLCKvBvg-GsPNw,13.228.103.158,2
2022,06,10,gaGRN96VSLCKvBvg-GsPNw,13.228.103.158,1
2022,06,13,gaGRN96VSLCKvBvg-GsPNw,13.228.103.158,1
2022,06,02,gaGRN96VSLCKvBvg-GsPNw,13.52.234.238,2
2022,06,06,gaGRN96VSLCKvBvg-GsPNw,13.52.234.238,4
2022,06,07,gaGRN96VSLCKvBvg-GsPNw,13.52.234.238,2
2022,06,08,gaGRN96VSLCKvBvg-GsPNw,13.52.234.238,2
2022,06,09,gaGRN96VSLCKvBvg-GsPNw,13.52.234.238,4
2022,06,10,gaGRN96VSLCKvBvg-GsPNw,13.52.234.238,9
2022,06,13,gaGRN96VSLCKvBvg-GsPNw,13.52.234.238,4
2022,06,14,gaGRN96VSLCKvBvg-GsPNw,13.52.234.238,58
2022,06,07,gaGRN96VSLCKvBvg-GsPNw,18.141.241.187,2
2022,06,01,gaGRN96VSLCKvBvg-GsPNw,18.205.35.125,834
2022,06,02,gaGRN96VSLCKvBvg-GsPNw,18.205.35.125,340
2022,06,06,gaGRN96VSLCKvBvg-GsPNw,18.205.35.125,260
2022,06,14,gaGRN96VSLCKvBvg-GsPNw,18.205.35.125,16
2022,06,06,gaGRN96VSLCKvBvg-GsPNw,18.215.88.65,2
2022,06,08,gaGRN96VSLCKvBvg-GsPNw,18.215.88.65,3
2022,06,09,gaGRN96VSLCKvBvg-GsPNw,18.215.88.65,6
2022,06,10,gaGRN96VSLCKvBvg-GsPNw,18.215.88.65,9
2022,06,11,gaGRN96VSLCKvBvg-GsPNw,18.215.88.65,2
2022,06,13,gaGRN96VSLCKvBvg-GsPNw,18.215.88.65,5
2022,06,14,gaGRN96VSLCKvBvg-GsPNw,18.215.88.65,2
2022,06,01,gaGRN96VSLCKvBvg-GsPNw,2001:559:a4:230::191,58
2022,06,02,gaGRN96VSLCKvBvg-GsPNw,2001:559:a4:230::191,121
2022,06,06,gaGRN96VSLCKvBvg-GsPNw,2001:559:a4:230::191,30
2022,06,07,gaGRN96VSLCKvBvg-GsPNw,2001:559:a4:230::191,5
2022,06,08,gaGRN96VSLCKvBvg-GsPNw,2001:559:a4:230::191,9
2022,06,09,gaGRN96VSLCKvBvg-GsPNw,2001:559:a4:230::191,63
2022,06,10,gaGRN96VSLCKvBvg-GsPNw,2001:559:a4:230::191,82
2022,06,13,gaGRN96VSLCKvBvg-GsPNw,2001:559:a4:230::191,79
2022,06,14,gaGRN96VSLCKvBvg-GsPNw,2001:559:a4:230::191,250
2022,06,02,gaGRN96VSLCKvBvg-GsPNw,2001:559:a4:230::212,40
2022,06,06,gaGRN96VSLCKvBvg-GsPNw,2001:559:a4:230::212,5
2022,06,07,gaGRN96VSLCKvBvg-GsPNw,2001:559:a4:230::212,14
2022,06,09,gaGRN96VSLCKvBvg-GsPNw,2001:559:a4:230::212,19
2022,06,10,gaGRN96VSLCKvBvg-GsPNw,2001:559:a4:230::212,28
2022,06,13,gaGRN96VSLCKvBvg-GsPNw,2001:559:a4:230::212,8
2022,06,14,gaGRN96VSLCKvBvg-GsPNw,2001:559:a4:230::212,11
2022,06,02,gaGRN96VSLCKvBvg-GsPNw,2001:559:a4:230::215,3
2022,06,10,gaGRN96VSLCKvBvg-GsPNw,2001:559:a4:230::215,16
2022,06,01,gaGRN96VSLCKvBvg-GsPNw,2001:559:a4:230::51,68
2022,06,02,gaGRN96VSLCKvBvg-GsPNw,2001:559:a4:230::51,118
2022,06,06,gaGRN96VSLCKvBvg-GsPNw,2001:559:a4:230::51,18
2022,06,14,gaGRN96VSLCKvBvg-GsPNw,2001:559:a4:230::51,9
2022,06,01,gaGRN96VSLCKvBvg-GsPNw,2001:559:a4:235::9,1
2022,06,02,gaGRN96VSLCKvBvg-GsPNw,2001:559:a4:235::9,1
2022,06,13,gaGRN96VSLCKvBvg-GsPNw,3.208.254.246,1
2022,06,01,gaGRN96VSLCKvBvg-GsPNw,34.199.153.226,30
2022,06,02,gaGRN96VSLCKvBvg-GsPNw,34.199.153.226,12
2022,06,06,gaGRN96VSLCKvBvg-GsPNw,34.199.153.226,9
2022,06,07,gaGRN96VSLCKvBvg-GsPNw,34.199.153.226,8
2022,06,08,gaGRN96VSLCKvBvg-GsPNw,34.199.153.226,1
2022,06,09,gaGRN96VSLCKvBvg-GsPNw,34.199.153.226,7
2022,06,10,gaGRN96VSLCKvBvg-GsPNw,34.199.153.226,23
2022,06,13,gaGRN96VSLCKvBvg-GsPNw,34.199.153.226,9
2022,06,14,gaGRN96VSLCKvBvg-GsPNw,34.199.153.226,21
2022,06,01,gaGRN96VSLCKvBvg-GsPNw,34.215.195.251,3
2022,06,02,gaGRN96VSLCKvBvg-GsPNw,34.215.195.251,3
2022,06,06,gaGRN96VSLCKvBvg-GsPNw,34.215.195.251,1
2022,06,09,gaGRN96VSLCKvBvg-GsPNw,34.215.195.251,4
2022,06,10,gaGRN96VSLCKvBvg-GsPNw,34.215.195.251,2
2022,06,13,gaGRN96VSLCKvBvg-GsPNw,34.215.195.251,2
2022,06,14,gaGRN96VSLCKvBvg-GsPNw,34.215.195.251,5
2022,06,01,gaGRN96VSLCKvBvg-GsPNw,34.238.143.76,73
2022,06,02,gaGRN96VSLCKvBvg-GsPNw,34.238.143.76,77
2022,06,06,gaGRN96VSLCKvBvg-GsPNw,34.238.143.76,53
2022,06,07,gaGRN96VSLCKvBvg-GsPNw,34.238.143.76,7
2022,06,08,gaGRN96VSLCKvBvg-GsPNw,34.238.143.76,4
2022,06,09,gaGRN96VSLCKvBvg-GsPNw,34.238.143.76,87
2022,06,10,gaGRN96VSLCKvBvg-GsPNw,34.238.143.76,127
2022,06,13,gaGRN96VSLCKvBvg-GsPNw,34.238.143.76,53
2022,06,14,gaGRN96VSLCKvBvg-GsPNw,34.238.143.76,123
2022,06,01,gaGRN96VSLCKvBvg-GsPNw,35.168.107.193,22
2022,06,02,gaGRN96VSLCKvBvg-GsPNw,35.168.107.193,105
2022,06,06,gaGRN96VSLCKvBvg-GsPNw,35.168.107.193,19
2022,06,07,gaGRN96VSLCKvBvg-GsPNw,35.168.107.193,2
2022,06,08,gaGRN96VSLCKvBvg-GsPNw,35.168.107.193,11
2022,06,09,gaGRN96VSLCKvBvg-GsPNw,35.168.107.193,11
2022,06,10,gaGRN96VSLCKvBvg-GsPNw,35.168.107.193,46
2022,06,13,gaGRN96VSLCKvBvg-GsPNw,35.168.107.193,66
2022,06,14,gaGRN96VSLCKvBvg-GsPNw,35.168.107.193,80
2022,06,01,gaGRN96VSLCKvBvg-GsPNw,35.168.83.110,39
2022,06,02,gaGRN96VSLCKvBvg-GsPNw,35.168.83.110,23
2022,06,06,gaGRN96VSLCKvBvg-GsPNw,35.168.83.110,14
2022,06,07,gaGRN96VSLCKvBvg-GsPNw,35.168.83.110,12
2022,06,08,gaGRN96VSLCKvBvg-GsPNw,35.168.83.110,16
2022,06,09,gaGRN96VSLCKvBvg-GsPNw,35.168.83.110,43
2022,06,10,gaGRN96VSLCKvBvg-GsPNw,35.168.83.110,53
2022,06,13,gaGRN96VSLCKvBvg-GsPNw,35.168.83.110,27
2022,06,14,gaGRN96VSLCKvBvg-GsPNw,35.168.83.110,98
2022,06,14,gaGRN96VSLCKvBvg-GsPNw,36.33.24.184,11
2022,06,01,gaGRN96VSLCKvBvg-GsPNw,38.99.100.2,703
2022,06,02,gaGRN96VSLCKvBvg-GsPNw,38.99.100.2,823
2022,06,06,gaGRN96VSLCKvBvg-GsPNw,38.99.100.2,410
2022,06,07,gaGRN96VSLCKvBvg-GsPNw,38.99.100.2,84
2022,06,08,gaGRN96VSLCKvBvg-GsPNw,38.99.100.2,147
2022,06,09,gaGRN96VSLCKvBvg-GsPNw,38.99.100.2,533
2022,06,10,gaGRN96VSLCKvBvg-GsPNw,38.99.100.2,849
2022,06,13,gaGRN96VSLCKvBvg-GsPNw,38.99.100.2,645
2022,06,14,gaGRN96VSLCKvBvg-GsPNw,38.99.100.2,847
2022,06,02,gaGRN96VSLCKvBvg-GsPNw,52.206.116.55,1
2022,06,06,gaGRN96VSLCKvBvg-GsPNw,52.206.116.55,5
2022,06,07,gaGRN96VSLCKvBvg-GsPNw,52.206.116.55,1
2022,06,08,gaGRN96VSLCKvBvg-GsPNw,52.206.116.55,4
2022,06,09,gaGRN96VSLCKvBvg-GsPNw,52.206.116.55,4
2022,06,10,gaGRN96VSLCKvBvg-GsPNw,52.206.116.55,9
2022,06,13,gaGRN96VSLCKvBvg-GsPNw,52.206.116.55,3
2022,06,14,gaGRN96VSLCKvBvg-GsPNw,52.206.116.55,2
2022,06,07,gaGRN96VSLCKvBvg-GsPNw,52.3.201.247,2
2022,06,08,gaGRN96VSLCKvBvg-GsPNw,52.3.201.247,8
2022,06,09,gaGRN96VSLCKvBvg-GsPNw,52.3.201.247,1
2022,06,10,gaGRN96VSLCKvBvg-GsPNw,52.3.201.247,16
2022,06,13,gaGRN96VSLCKvBvg-GsPNw,52.3.201.247,26
2022,06,14,gaGRN96VSLCKvBvg-GsPNw,52.3.201.247,29
2022,06,01,gaGRN96VSLCKvBvg-GsPNw,52.53.102.163,2
2022,06,07,gaGRN96VSLCKvBvg-GsPNw,52.53.102.163,1
2022,06,10,gaGRN96VSLCKvBvg-GsPNw,52.53.102.163,1
2022,06,13,gaGRN96VSLCKvBvg-GsPNw,52.53.102.163,1
2022,06,01,gaGRN96VSLCKvBvg-GsPNw,52.8.119.150,1
2022,06,06,gaGRN96VSLCKvBvg-GsPNw,52.8.119.150,1
2022,06,08,gaGRN96VSLCKvBvg-GsPNw,52.8.119.150,1
2022,06,10,gaGRN96VSLCKvBvg-GsPNw,52.8.119.150,1
2022,06,01,gaGRN96VSLCKvBvg-GsPNw,54.179.122.232,1
2022,06,10,gaGRN96VSLCKvBvg-GsPNw,54.179.122.232,4
2022,06,07,gaGRN96VSLCKvBvg-GsPNw,54.208.235.193,1
2022,06,09,gaGRN96VSLCKvBvg-GsPNw,54.208.235.193,1
2022,06,01,gaGRN96VSLCKvBvg-GsPNw,54.241.124.10,24
2022,06,02,gaGRN96VSLCKvBvg-GsPNw,54.241.124.10,41
2022,06,06,gaGRN96VSLCKvBvg-GsPNw,54.241.124.10,11
2022,06,07,gaGRN96VSLCKvBvg-GsPNw,54.241.124.10,2
2022,06,08,gaGRN96VSLCKvBvg-GsPNw,54.241.124.10,14
2022,06,09,gaGRN96VSLCKvBvg-GsPNw,54.241.124.10,17
2022,06,10,gaGRN96VSLCKvBvg-GsPNw,54.241.124.10,37
2022,06,13,gaGRN96VSLCKvBvg-GsPNw,54.241.124.10,38
2022,06,14,gaGRN96VSLCKvBvg-GsPNw,54.241.124.10,46
2022,06,08,pstBDOOxRfWn2nEb0_e_hQ,13.228.103.158,5
2022,06,09,pstBDOOxRfWn2nEb0_e_hQ,13.228.103.158,3
2022,06,08,pstBDOOxRfWn2nEb0_e_hQ,18.141.241.187,1
2022,06,09,pstBDOOxRfWn2nEb0_e_hQ,18.141.241.187,1
2022,06,02,pstBDOOxRfWn2nEb0_e_hQ,2001:559:a4:225::195,1
2022,06,01,pstBDOOxRfWn2nEb0_e_hQ,2001:559:a4:230::191,56
2022,06,07,pstBDOOxRfWn2nEb0_e_hQ,2001:559:a4:230::191,370
2022,06,08,pstBDOOxRfWn2nEb0_e_hQ,2001:559:a4:230::191,1892
2022,06,09,pstBDOOxRfWn2nEb0_e_hQ,2001:559:a4:230::191,1418
2022,06,10,pstBDOOxRfWn2nEb0_e_hQ,2001:559:a4:230::191,551
2022,06,13,pstBDOOxRfWn2nEb0_e_hQ,2001:559:a4:230::191,808
2022,06,01,pstBDOOxRfWn2nEb0_e_hQ,2001:559:a4:230::212,42
2022,06,07,pstBDOOxRfWn2nEb0_e_hQ,2001:559:a4:230::212,588
2022,06,08,pstBDOOxRfWn2nEb0_e_hQ,2001:559:a4:230::212,431
2022,06,09,pstBDOOxRfWn2nEb0_e_hQ,2001:559:a4:230::212,726
2022,06,10,pstBDOOxRfWn2nEb0_e_hQ,2001:559:a4:230::212,610
2022,06,13,pstBDOOxRfWn2nEb0_e_hQ,2001:559:a4:230::212,1468
2022,06,01,pstBDOOxRfWn2nEb0_e_hQ,2001:559:a4:230::215,6
2022,06,08,pstBDOOxRfWn2nEb0_e_hQ,2001:559:a4:230::215,9
2022,06,09,pstBDOOxRfWn2nEb0_e_hQ,2001:559:a4:230::215,21
2022,06,10,pstBDOOxRfWn2nEb0_e_hQ,2001:559:a4:230::215,9
2022,06,13,pstBDOOxRfWn2nEb0_e_hQ,2001:559:a4:230::215,12
2022,06,01,pstBDOOxRfWn2nEb0_e_hQ,2001:559:a4:236:bd49:b148:593e:636c,7
2022,06,01,pstBDOOxRfWn2nEb0_e_hQ,34.199.153.226,1
2022,06,06,pstBDOOxRfWn2nEb0_e_hQ,34.199.153.226,1
2022,06,01,pstBDOOxRfWn2nEb0_e_hQ,34.238.143.76,6
2022,06,01,pstBDOOxRfWn2nEb0_e_hQ,35.168.107.193,36
2022,06,07,pstBDOOxRfWn2nEb0_e_hQ,35.168.107.193,111
2022,06,08,pstBDOOxRfWn2nEb0_e_hQ,35.168.107.193,107
2022,06,09,pstBDOOxRfWn2nEb0_e_hQ,35.168.107.193,115
2022,06,10,pstBDOOxRfWn2nEb0_e_hQ,35.168.107.193,41
2022,06,13,pstBDOOxRfWn2nEb0_e_hQ,35.168.107.193,164
2022,06,01,pstBDOOxRfWn2nEb0_e_hQ,35.168.83.110,34
2022,06,08,pstBDOOxRfWn2nEb0_e_hQ,35.168.83.110,160
2022,06,09,pstBDOOxRfWn2nEb0_e_hQ,35.168.83.110,155
2022,06,10,pstBDOOxRfWn2nEb0_e_hQ,35.168.83.110,191
2022,06,13,pstBDOOxRfWn2nEb0_e_hQ,35.168.83.110,182
2022,06,13,pstBDOOxRfWn2nEb0_e_hQ,38.99.100.10,1
2022,06,01,pstBDOOxRfWn2nEb0_e_hQ,38.99.100.2,319
2022,06,02,pstBDOOxRfWn2nEb0_e_hQ,38.99.100.2,55
2022,06,03,pstBDOOxRfWn2nEb0_e_hQ,38.99.100.2,1
2022,06,04,pstBDOOxRfWn2nEb0_e_hQ,38.99.100.2,3
2022,06,05,pstBDOOxRfWn2nEb0_e_hQ,38.99.100.2,2
2022,06,06,pstBDOOxRfWn2nEb0_e_hQ,38.99.100.2,27
2022,06,07,pstBDOOxRfWn2nEb0_e_hQ,38.99.100.2,3460
2022,06,08,pstBDOOxRfWn2nEb0_e_hQ,38.99.100.2,4083
2022,06,09,pstBDOOxRfWn2nEb0_e_hQ,38.99.100.2,272
2022,06,10,pstBDOOxRfWn2nEb0_e_hQ,38.99.100.2,377
2022,06,11,pstBDOOxRfWn2nEb0_e_hQ,38.99.100.2,1
2022,06,12,pstBDOOxRfWn2nEb0_e_hQ,38.99.100.2,6
2022,06,13,pstBDOOxRfWn2nEb0_e_hQ,38.99.100.2,16344
2022,06,14,pstBDOOxRfWn2nEb0_e_hQ,38.99.100.2,29
2022,06,02,pstBDOOxRfWn2nEb0_e_hQ,38.99.100.7,5
2022,06,09,pstBDOOxRfWn2nEb0_e_hQ,52.2.54.234,1
2022,06,09,pstBDOOxRfWn2nEb0_e_hQ,52.3.201.247,2
2022,06,04,pstBDOOxRfWn2nEb0_e_hQ,52.53.102.163,1
2022,06,07,pstBDOOxRfWn2nEb0_e_hQ,52.53.102.163,1
2022,06,09,pstBDOOxRfWn2nEb0_e_hQ,52.53.102.163,1
2022,06,12,pstBDOOxRfWn2nEb0_e_hQ,52.53.102.163,1
2022,06,14,pstBDOOxRfWn2nEb0_e_hQ,52.53.102.163,1
2022,06,01,pstBDOOxRfWn2nEb0_e_hQ,52.8.119.150,2
2022,06,02,pstBDOOxRfWn2nEb0_e_hQ,52.8.119.150,1
2022,06,10,pstBDOOxRfWn2nEb0_e_hQ,52.8.119.150,1
2022,06,12,pstBDOOxRfWn2nEb0_e_hQ,54.208.235.193,1
2022,06,01,pstBDOOxRfWn2nEb0_e_hQ,54.241.124.10,24
2022,06,02,pstBDOOxRfWn2nEb0_e_hQ,54.241.124.10,4
2022,06,06,pstBDOOxRfWn2nEb0_e_hQ,54.241.124.10,3
2022,06,07,pstBDOOxRfWn2nEb0_e_hQ,54.241.124.10,6
2022,06,08,pstBDOOxRfWn2nEb0_e_hQ,54.241.124.10,7
2022,06,09,pstBDOOxRfWn2nEb0_e_hQ,54.241.124.10,24
2022,06,10,pstBDOOxRfWn2nEb0_e_hQ,54.241.124.10,9
2022,06,13,pstBDOOxRfWn2nEb0_e_hQ,54.241.124.10,8
2022,06,14,pstBDOOxRfWn2nEb0_e_hQ,54.241.124.10,5
2022,06,01,uFGXdR9KQmqgnKjUICQgcQ,13.228.103.158,3
2022,06,02,uFGXdR9KQmqgnKjUICQgcQ,13.228.103.158,1
2022,06,03,uFGXdR9KQmqgnKjUICQgcQ,13.228.103.158,3
2022,06,04,uFGXdR9KQmqgnKjUICQgcQ,13.228.103.158,3
2022,06,06,uFGXdR9KQmqgnKjUICQgcQ,13.228.103.158,1
2022,06,07,uFGXdR9KQmqgnKjUICQgcQ,13.228.103.158,4
2022,06,08,uFGXdR9KQmqgnKjUICQgcQ,13.228.103.158,3
2022,06,09,uFGXdR9KQmqgnKjUICQgcQ,13.228.103.158,1
2022,06,14,uFGXdR9KQmqgnKjUICQgcQ,13.228.103.158,1
2022,06,07,uFGXdR9KQmqgnKjUICQgcQ,18.141.241.187,2
2022,06,08,uFGXdR9KQmqgnKjUICQgcQ,18.141.241.187,3
2022,06,14,uFGXdR9KQmqgnKjUICQgcQ,18.141.241.187,6
2022,06,06,uFGXdR9KQmqgnKjUICQgcQ,2001:559:a4:230::191,14
2022,06,01,uFGXdR9KQmqgnKjUICQgcQ,2001:559:a4:230::215,203
2022,06,02,uFGXdR9KQmqgnKjUICQgcQ,2001:559:a4:230::215,135
2022,06,04,uFGXdR9KQmqgnKjUICQgcQ,2001:559:a4:230::215,34
2022,06,06,uFGXdR9KQmqgnKjUICQgcQ,2001:559:a4:230::215,34
2022,06,07,uFGXdR9KQmqgnKjUICQgcQ,2001:559:a4:230::215,28
2022,06,08,uFGXdR9KQmqgnKjUICQgcQ,2001:559:a4:230::215,117
2022,06,09,uFGXdR9KQmqgnKjUICQgcQ,2001:559:a4:230::215,187
2022,06,10,uFGXdR9KQmqgnKjUICQgcQ,2001:559:a4:230::215,67
2022,06,11,uFGXdR9KQmqgnKjUICQgcQ,2001:559:a4:230::215,33
2022,06,13,uFGXdR9KQmqgnKjUICQgcQ,2001:559:a4:230::215,78
2022,06,14,uFGXdR9KQmqgnKjUICQgcQ,2001:559:a4:230::215,49
2022,06,07,uFGXdR9KQmqgnKjUICQgcQ,2001:559:a4:230::51,10
2022,06,08,uFGXdR9KQmqgnKjUICQgcQ,2001:559:a4:230::51,3
2022,06,01,uFGXdR9KQmqgnKjUICQgcQ,2001:559:a4:235::9,6
2022,06,02,uFGXdR9KQmqgnKjUICQgcQ,2001:559:a4:235::9,2
2022,06,04,uFGXdR9KQmqgnKjUICQgcQ,2001:559:a4:235::9,1
2022,06,06,uFGXdR9KQmqgnKjUICQgcQ,2001:559:a4:235::9,5
2022,06,07,uFGXdR9KQmqgnKjUICQgcQ,2001:559:a4:235::9,4
2022,06,08,uFGXdR9KQmqgnKjUICQgcQ,2001:559:a4:235::9,20
2022,06,09,uFGXdR9KQmqgnKjUICQgcQ,2001:559:a4:235::9,10
2022,06,10,uFGXdR9KQmqgnKjUICQgcQ,2001:559:a4:235::9,4
2022,06,11,uFGXdR9KQmqgnKjUICQgcQ,2001:559:a4:235::9,2
2022,06,13,uFGXdR9KQmqgnKjUICQgcQ,2001:559:a4:235::9,6
2022,06,14,uFGXdR9KQmqgnKjUICQgcQ,2001:559:a4:235::9,5
2022,06,06,uFGXdR9KQmqgnKjUICQgcQ,3.208.254.246,1
2022,06,07,uFGXdR9KQmqgnKjUICQgcQ,3.208.254.246,1
2022,06,08,uFGXdR9KQmqgnKjUICQgcQ,3.208.254.246,18
2022,06,09,uFGXdR9KQmqgnKjUICQgcQ,3.208.254.246,1
2022,06,10,uFGXdR9KQmqgnKjUICQgcQ,3.208.254.246,4
2022,06,13,uFGXdR9KQmqgnKjUICQgcQ,3.208.254.246,1
2022,06,01,uFGXdR9KQmqgnKjUICQgcQ,34.199.153.226,6
2022,06,02,uFGXdR9KQmqgnKjUICQgcQ,34.199.153.226,5
2022,06,03,uFGXdR9KQmqgnKjUICQgcQ,34.199.153.226,2
2022,06,06,uFGXdR9KQmqgnKjUICQgcQ,34.199.153.226,8
2022,06,07,uFGXdR9KQmqgnKjUICQgcQ,34.199.153.226,7
2022,06,08,uFGXdR9KQmqgnKjUICQgcQ,34.199.153.226,10
2022,06,09,uFGXdR9KQmqgnKjUICQgcQ,34.199.153.226,8
2022,06,10,uFGXdR9KQmqgnKjUICQgcQ,34.199.153.226,9
2022,06,11,uFGXdR9KQmqgnKjUICQgcQ,34.199.153.226,1
2022,06,12,uFGXdR9KQmqgnKjUICQgcQ,34.199.153.226,8
2022,06,13,uFGXdR9KQmqgnKjUICQgcQ,34.199.153.226,5
2022,06,14,uFGXdR9KQmqgnKjUICQgcQ,34.199.153.226,8
2022,06,01,uFGXdR9KQmqgnKjUICQgcQ,34.215.195.251,12
2022,06,02,uFGXdR9KQmqgnKjUICQgcQ,34.215.195.251,8
2022,06,04,uFGXdR9KQmqgnKjUICQgcQ,34.215.195.251,2
2022,06,06,uFGXdR9KQmqgnKjUICQgcQ,34.215.195.251,2
2022,06,07,uFGXdR9KQmqgnKjUICQgcQ,34.215.195.251,2
2022,06,08,uFGXdR9KQmqgnKjUICQgcQ,34.215.195.251,10
2022,06,09,uFGXdR9KQmqgnKjUICQgcQ,34.215.195.251,12
2022,06,10,uFGXdR9KQmqgnKjUICQgcQ,34.215.195.251,6
2022,06,11,uFGXdR9KQmqgnKjUICQgcQ,34.215.195.251,2
2022,06,13,uFGXdR9KQmqgnKjUICQgcQ,34.215.195.251,7
2022,06,14,uFGXdR9KQmqgnKjUICQgcQ,34.215.195.251,5
2022,06,01,uFGXdR9KQmqgnKjUICQgcQ,34.238.143.76,570
2022,06,02,uFGXdR9KQmqgnKjUICQgcQ,34.238.143.76,368
2022,06,03,uFGXdR9KQmqgnKjUICQgcQ,34.238.143.76,16
2022,06,04,uFGXdR9KQmqgnKjUICQgcQ,34.238.143.76,72
2022,06,06,uFGXdR9KQmqgnKjUICQgcQ,34.238.143.76,34
2022,06,07,uFGXdR9KQmqgnKjUICQgcQ,34.238.143.76,77
2022,06,08,uFGXdR9KQmqgnKjUICQgcQ,34.238.143.76,291
2022,06,09,uFGXdR9KQmqgnKjUICQgcQ,34.238.143.76,356
2022,06,10,uFGXdR9KQmqgnKjUICQgcQ,34.238.143.76,174
2022,06,11,uFGXdR9KQmqgnKjUICQgcQ,34.238.143.76,83
2022,06,13,uFGXdR9KQmqgnKjUICQgcQ,34.238.143.76,332
2022,06,14,uFGXdR9KQmqgnKjUICQgcQ,34.238.143.76,264
2022,06,10,uFGXdR9KQmqgnKjUICQgcQ,35.168.107.193,8
2022,06,11,uFGXdR9KQmqgnKjUICQgcQ,35.168.107.193,1
2022,06,13,uFGXdR9KQmqgnKjUICQgcQ,35.168.107.193,2
2022,06,14,uFGXdR9KQmqgnKjUICQgcQ,35.168.107.193,1
2022,06,06,uFGXdR9KQmqgnKjUICQgcQ,35.168.83.110,10
2022,06,10,uFGXdR9KQmqgnKjUICQgcQ,35.168.83.110,6
2022,06,11,uFGXdR9KQmqgnKjUICQgcQ,35.168.83.110,7
2022,06,13,uFGXdR9KQmqgnKjUICQgcQ,35.168.83.110,16
2022,06,14,uFGXdR9KQmqgnKjUICQgcQ,35.168.83.110,25
2022,06,01,uFGXdR9KQmqgnKjUICQgcQ,38.99.100.10,1
2022,06,02,uFGXdR9KQmqgnKjUICQgcQ,38.99.100.10,1
2022,06,08,uFGXdR9KQmqgnKjUICQgcQ,38.99.100.10,1
2022,06,10,uFGXdR9KQmqgnKjUICQgcQ,38.99.100.10,1
2022,06,11,uFGXdR9KQmqgnKjUICQgcQ,38.99.100.10,1
2022,06,13,uFGXdR9KQmqgnKjUICQgcQ,38.99.100.10,1
2022,06,01,uFGXdR9KQmqgnKjUICQgcQ,38.99.100.2,6572
2022,06,02,uFGXdR9KQmqgnKjUICQgcQ,38.99.100.2,5166
2022,06,03,uFGXdR9KQmqgnKjUICQgcQ,38.99.100.2,699
2022,06,04,uFGXdR9KQmqgnKjUICQgcQ,38.99.100.2,974
2022,06,05,uFGXdR9KQmqgnKjUICQgcQ,38.99.100.2,20
2022,06,06,uFGXdR9KQmqgnKjUICQgcQ,38.99.100.2,1231
2022,06,07,uFGXdR9KQmqgnKjUICQgcQ,38.99.100.2,963
2022,06,08,uFGXdR9KQmqgnKjUICQgcQ,38.99.100.2,4148
2022,06,09,uFGXdR9KQmqgnKjUICQgcQ,38.99.100.2,4526
2022,06,10,uFGXdR9KQmqgnKjUICQgcQ,38.99.100.2,2033
2022,06,11,uFGXdR9KQmqgnKjUICQgcQ,38.99.100.2,1018
2022,06,12,uFGXdR9KQmqgnKjUICQgcQ,38.99.100.2,122
2022,06,13,uFGXdR9KQmqgnKjUICQgcQ,38.99.100.2,3749
2022,06,14,uFGXdR9KQmqgnKjUICQgcQ,38.99.100.2,2942
2022,06,01,uFGXdR9KQmqgnKjUICQgcQ,38.99.100.7,48
2022,06,10,uFGXdR9KQmqgnKjUICQgcQ,38.99.100.7,1
2022,06,01,uFGXdR9KQmqgnKjUICQgcQ,52.2.54.234,1
2022,06,03,uFGXdR9KQmqgnKjUICQgcQ,52.2.54.234,1
2022,06,05,uFGXdR9KQmqgnKjUICQgcQ,52.2.54.234,1
2022,06,07,uFGXdR9KQmqgnKjUICQgcQ,52.2.54.234,1
2022,06,11,uFGXdR9KQmqgnKjUICQgcQ,52.2.54.234,1
2022,06,01,uFGXdR9KQmqgnKjUICQgcQ,52.206.116.55,269
2022,06,02,uFGXdR9KQmqgnKjUICQgcQ,52.206.116.55,165
2022,06,03,uFGXdR9KQmqgnKjUICQgcQ,52.206.116.55,6
2022,06,04,uFGXdR9KQmqgnKjUICQgcQ,52.206.116.55,44
2022,06,06,uFGXdR9KQmqgnKjUICQgcQ,52.206.116.55,48
2022,06,07,uFGXdR9KQmqgnKjUICQgcQ,52.206.116.55,39
2022,06,08,uFGXdR9KQmqgnKjUICQgcQ,52.206.116.55,181
2022,06,09,uFGXdR9KQmqgnKjUICQgcQ,52.206.116.55,202
2022,06,10,uFGXdR9KQmqgnKjUICQgcQ,52.206.116.55,87
2022,06,11,uFGXdR9KQmqgnKjUICQgcQ,52.206.116.55,41
2022,06,13,uFGXdR9KQmqgnKjUICQgcQ,52.206.116.55,163
2022,06,14,uFGXdR9KQmqgnKjUICQgcQ,52.206.116.55,97
2022,06,02,uFGXdR9KQmqgnKjUICQgcQ,52.53.102.163,1
2022,06,01,uFGXdR9KQmqgnKjUICQgcQ,52.8.119.150,1
2022,06,06,uFGXdR9KQmqgnKjUICQgcQ,52.8.119.150,1
2022,06,07,uFGXdR9KQmqgnKjUICQgcQ,52.8.119.150,1
2022,06,10,uFGXdR9KQmqgnKjUICQgcQ,52.8.119.150,1
2022,06,14,uFGXdR9KQmqgnKjUICQgcQ,52.8.119.150,1
2022,06,01,uFGXdR9KQmqgnKjUICQgcQ,54.179.122.232,1
2022,06,02,uFGXdR9KQmqgnKjUICQgcQ,54.179.122.232,2
2022,06,03,uFGXdR9KQmqgnKjUICQgcQ,54.179.122.232,1
2022,06,04,uFGXdR9KQmqgnKjUICQgcQ,54.179.122.232,1
2022,06,05,uFGXdR9KQmqgnKjUICQgcQ,54.179.122.232,4
2022,06,06,uFGXdR9KQmqgnKjUICQgcQ,54.179.122.232,1
2022,06,04,uFGXdR9KQmqgnKjUICQgcQ,54.208.235.193,1
2022,06,05,uFGXdR9KQmqgnKjUICQgcQ,54.208.235.193,1
2022,06,07,uFGXdR9KQmqgnKjUICQgcQ,54.208.235.193,2
2022,06,09,uFGXdR9KQmqgnKjUICQgcQ,54.208.235.193,1
2022,06,13,uFGXdR9KQmqgnKjUICQgcQ,54.208.235.193,1
2022,06,07,uFGXdR9KQmqgnKjUICQgcQ,54.241.124.10,1
2022,06,08,uFGXdR9KQmqgnKjUICQgcQ,54.241.124.10,1
2022,06,01,yvC1QJC9TjyqSUwLMIdpYA,NULL,5
2022,06,02,yvC1QJC9TjyqSUwLMIdpYA,NULL,5
2022,06,03,yvC1QJC9TjyqSUwLMIdpYA,NULL,4
2022,06,05,yvC1QJC9TjyqSUwLMIdpYA,NULL,3
2022,06,06,yvC1QJC9TjyqSUwLMIdpYA,NULL,2
2022,06,07,yvC1QJC9TjyqSUwLMIdpYA,NULL,4
2022,06,08,yvC1QJC9TjyqSUwLMIdpYA,NULL,9
2022,06,09,yvC1QJC9TjyqSUwLMIdpYA,NULL,8
2022,06,10,yvC1QJC9TjyqSUwLMIdpYA,NULL,3
2022,06,12,yvC1QJC9TjyqSUwLMIdpYA,NULL,2
2022,06,13,yvC1QJC9TjyqSUwLMIdpYA,NULL,4
2022,06,14,yvC1QJC9TjyqSUwLMIdpYA,NULL,2
2022,06,02,yvC1QJC9TjyqSUwLMIdpYA,13.228.103.158,18
2022,06,06,yvC1QJC9TjyqSUwLMIdpYA,13.228.103.158,54
2022,06,08,yvC1QJC9TjyqSUwLMIdpYA,13.228.103.158,64
2022,06,09,yvC1QJC9TjyqSUwLMIdpYA,13.228.103.158,73
2022,06,10,yvC1QJC9TjyqSUwLMIdpYA,13.228.103.158,46
2022,06,13,yvC1QJC9TjyqSUwLMIdpYA,13.228.103.158,12
2022,06,14,yvC1QJC9TjyqSUwLMIdpYA,13.228.103.158,12
2022,06,14,yvC1QJC9TjyqSUwLMIdpYA,13.52.234.238,8
2022,06,07,yvC1QJC9TjyqSUwLMIdpYA,18.141.241.187,10
2022,06,08,yvC1QJC9TjyqSUwLMIdpYA,18.141.241.187,26
2022,06,09,yvC1QJC9TjyqSUwLMIdpYA,18.141.241.187,16
2022,06,10,yvC1QJC9TjyqSUwLMIdpYA,18.141.241.187,3
2022,06,13,yvC1QJC9TjyqSUwLMIdpYA,18.141.241.187,6
2022,06,14,yvC1QJC9TjyqSUwLMIdpYA,18.141.241.187,24
2022,06,07,yvC1QJC9TjyqSUwLMIdpYA,18.205.35.125,8
2022,06,08,yvC1QJC9TjyqSUwLMIdpYA,18.205.35.125,2
2022,06,08,yvC1QJC9TjyqSUwLMIdpYA,2001:559:a4:225::195,1
2022,06,13,yvC1QJC9TjyqSUwLMIdpYA,2001:559:a4:225::195,1
2022,06,09,yvC1QJC9TjyqSUwLMIdpYA,2001:559:a4:227:b849:2335:1460:5ca8,159
2022,06,02,yvC1QJC9TjyqSUwLMIdpYA,2001:559:a4:230::191,1
2022,06,06,yvC1QJC9TjyqSUwLMIdpYA,2001:559:a4:230::191,61
2022,06,09,yvC1QJC9TjyqSUwLMIdpYA,2001:559:a4:230::191,9
2022,06,10,yvC1QJC9TjyqSUwLMIdpYA,2001:559:a4:230::191,12
2022,06,14,yvC1QJC9TjyqSUwLMIdpYA,2001:559:a4:230::191,79
2022,06,09,yvC1QJC9TjyqSUwLMIdpYA,2001:559:a4:230::212,1
2022,06,10,yvC1QJC9TjyqSUwLMIdpYA,2001:559:a4:230::212,10
2022,06,06,yvC1QJC9TjyqSUwLMIdpYA,2001:559:a4:230::215,9
2022,06,07,yvC1QJC9TjyqSUwLMIdpYA,2001:559:a4:230::215,3
2022,06,09,yvC1QJC9TjyqSUwLMIdpYA,2001:559:a4:230::215,30
2022,06,10,yvC1QJC9TjyqSUwLMIdpYA,2001:559:a4:230::215,3
2022,06,13,yvC1QJC9TjyqSUwLMIdpYA,2001:559:a4:230::215,3
2022,06,14,yvC1QJC9TjyqSUwLMIdpYA,2001:559:a4:230::215,16
2022,06,06,yvC1QJC9TjyqSUwLMIdpYA,2001:559:a4:234:250:56ff:fe86:6b9a,2
2022,06,14,yvC1QJC9TjyqSUwLMIdpYA,2001:559:a4:234:250:56ff:fe86:6b9a,5
2022,06,06,yvC1QJC9TjyqSUwLMIdpYA,3.208.254.246,2
2022,06,09,yvC1QJC9TjyqSUwLMIdpYA,3.228.197.246,1
2022,06,10,yvC1QJC9TjyqSUwLMIdpYA,3.228.197.246,1
2022,06,14,yvC1QJC9TjyqSUwLMIdpYA,3.228.197.246,1
2022,06,14,yvC1QJC9TjyqSUwLMIdpYA,34.197.169.6,6
2022,06,01,yvC1QJC9TjyqSUwLMIdpYA,34.199.153.226,7
2022,06,02,yvC1QJC9TjyqSUwLMIdpYA,34.199.153.226,6
2022,06,06,yvC1QJC9TjyqSUwLMIdpYA,34.199.153.226,27
2022,06,07,yvC1QJC9TjyqSUwLMIdpYA,34.199.153.226,7
2022,06,08,yvC1QJC9TjyqSUwLMIdpYA,34.199.153.226,14
2022,06,09,yvC1QJC9TjyqSUwLMIdpYA,34.199.153.226,10
2022,06,10,yvC1QJC9TjyqSUwLMIdpYA,34.199.153.226,21
2022,06,11,yvC1QJC9TjyqSUwLMIdpYA,34.199.153.226,3
2022,06,12,yvC1QJC9TjyqSUwLMIdpYA,34.199.153.226,2
2022,06,13,yvC1QJC9TjyqSUwLMIdpYA,34.199.153.226,13
2022,06,14,yvC1QJC9TjyqSUwLMIdpYA,34.199.153.226,32
2022,06,01,yvC1QJC9TjyqSUwLMIdpYA,34.238.143.76,3
2022,06,02,yvC1QJC9TjyqSUwLMIdpYA,34.238.143.76,6
2022,06,06,yvC1QJC9TjyqSUwLMIdpYA,34.238.143.76,25
2022,06,07,yvC1QJC9TjyqSUwLMIdpYA,34.238.143.76,313
2022,06,08,yvC1QJC9TjyqSUwLMIdpYA,34.238.143.76,29
2022,06,09,yvC1QJC9TjyqSUwLMIdpYA,34.238.143.76,23
2022,06,10,yvC1QJC9TjyqSUwLMIdpYA,34.238.143.76,10
2022,06,13,yvC1QJC9TjyqSUwLMIdpYA,34.238.143.76,8
2022,06,14,yvC1QJC9TjyqSUwLMIdpYA,34.238.143.76,10
2022,06,06,yvC1QJC9TjyqSUwLMIdpYA,35.168.107.193,43
2022,06,10,yvC1QJC9TjyqSUwLMIdpYA,35.168.107.193,17
2022,06,14,yvC1QJC9TjyqSUwLMIdpYA,35.168.107.193,56
2022,06,06,yvC1QJC9TjyqSUwLMIdpYA,35.168.83.110,6
2022,06,09,yvC1QJC9TjyqSUwLMIdpYA,35.168.83.110,6
2022,06,14,yvC1QJC9TjyqSUwLMIdpYA,35.168.83.110,4
2022,06,01,yvC1QJC9TjyqSUwLMIdpYA,36.33.24.184,8
2022,06,07,yvC1QJC9TjyqSUwLMIdpYA,36.33.24.184,5
2022,06,09,yvC1QJC9TjyqSUwLMIdpYA,36.33.24.184,1
2022,06,13,yvC1QJC9TjyqSUwLMIdpYA,36.33.24.184,7
2022,06,14,yvC1QJC9TjyqSUwLMIdpYA,36.33.24.184,12
2022,06,14,yvC1QJC9TjyqSUwLMIdpYA,38.99.100.10,1
2022,06,01,yvC1QJC9TjyqSUwLMIdpYA,38.99.100.2,426
2022,06,02,yvC1QJC9TjyqSUwLMIdpYA,38.99.100.2,1601
2022,06,03,yvC1QJC9TjyqSUwLMIdpYA,38.99.100.2,37
2022,06,04,yvC1QJC9TjyqSUwLMIdpYA,38.99.100.2,27
2022,06,05,yvC1QJC9TjyqSUwLMIdpYA,38.99.100.2,23
2022,06,06,yvC1QJC9TjyqSUwLMIdpYA,38.99.100.2,2943
2022,06,07,yvC1QJC9TjyqSUwLMIdpYA,38.99.100.2,2789
2022,06,08,yvC1QJC9TjyqSUwLMIdpYA,38.99.100.2,1591
2022,06,09,yvC1QJC9TjyqSUwLMIdpYA,38.99.100.2,2003
2022,06,10,yvC1QJC9TjyqSUwLMIdpYA,38.99.100.2,2856
2022,06,11,yvC1QJC9TjyqSUwLMIdpYA,38.99.100.2,405
2022,06,12,yvC1QJC9TjyqSUwLMIdpYA,38.99.100.2,467
2022,06,13,yvC1QJC9TjyqSUwLMIdpYA,38.99.100.2,760
2022,06,14,yvC1QJC9TjyqSUwLMIdpYA,38.99.100.2,3335
2022,06,01,yvC1QJC9TjyqSUwLMIdpYA,38.99.100.7,2
2022,06,10,yvC1QJC9TjyqSUwLMIdpYA,38.99.100.7,9
2022,06,11,yvC1QJC9TjyqSUwLMIdpYA,52.1.3.8,1
2022,06,02,yvC1QJC9TjyqSUwLMIdpYA,52.2.54.234,1
2022,06,06,yvC1QJC9TjyqSUwLMIdpYA,52.2.54.234,1
2022,06,09,yvC1QJC9TjyqSUwLMIdpYA,52.2.54.234,2
2022,06,12,yvC1QJC9TjyqSUwLMIdpYA,52.2.54.234,3
2022,06,13,yvC1QJC9TjyqSUwLMIdpYA,52.220.255.171,1
2022,06,14,yvC1QJC9TjyqSUwLMIdpYA,52.220.255.171,1
2022,06,06,yvC1QJC9TjyqSUwLMIdpYA,52.3.201.247,9
2022,06,07,yvC1QJC9TjyqSUwLMIdpYA,52.3.201.247,11
2022,06,08,yvC1QJC9TjyqSUwLMIdpYA,52.3.201.247,5
2022,06,09,yvC1QJC9TjyqSUwLMIdpYA,52.3.201.247,14
2022,06,10,yvC1QJC9TjyqSUwLMIdpYA,52.3.201.247,17
2022,06,13,yvC1QJC9TjyqSUwLMIdpYA,52.3.201.247,1
2022,06,14,yvC1QJC9TjyqSUwLMIdpYA,52.3.201.247,8
2022,06,02,yvC1QJC9TjyqSUwLMIdpYA,52.53.102.163,1
2022,06,05,yvC1QJC9TjyqSUwLMIdpYA,52.53.102.163,1
2022,06,06,yvC1QJC9TjyqSUwLMIdpYA,52.53.102.163,1
2022,06,07,yvC1QJC9TjyqSUwLMIdpYA,52.53.102.163,1
2022,06,09,yvC1QJC9TjyqSUwLMIdpYA,52.53.102.163,6
2022,06,12,yvC1QJC9TjyqSUwLMIdpYA,52.53.102.163,2
2022,06,14,yvC1QJC9TjyqSUwLMIdpYA,52.53.102.163,2
2022,06,02,yvC1QJC9TjyqSUwLMIdpYA,52.55.25.149,1
2022,06,01,yvC1QJC9TjyqSUwLMIdpYA,52.74.225.218,6
2022,06,02,yvC1QJC9TjyqSUwLMIdpYA,52.74.225.218,7
2022,06,03,yvC1QJC9TjyqSUwLMIdpYA,52.74.225.218,1
2022,06,05,yvC1QJC9TjyqSUwLMIdpYA,52.74.225.218,3
2022,06,06,yvC1QJC9TjyqSUwLMIdpYA,52.74.225.218,13
2022,06,07,yvC1QJC9TjyqSUwLMIdpYA,52.74.225.218,9
2022,06,08,yvC1QJC9TjyqSUwLMIdpYA,52.74.225.218,20
2022,06,09,yvC1QJC9TjyqSUwLMIdpYA,52.74.225.218,1
2022,06,10,yvC1QJC9TjyqSUwLMIdpYA,52.74.225.218,31
2022,06,12,yvC1QJC9TjyqSUwLMIdpYA,52.74.225.218,1
2022,06,13,yvC1QJC9TjyqSUwLMIdpYA,52.74.225.218,5
2022,06,14,yvC1QJC9TjyqSUwLMIdpYA,52.74.225.218,23
2022,06,01,yvC1QJC9TjyqSUwLMIdpYA,52.76.116.153,12
2022,06,02,yvC1QJC9TjyqSUwLMIdpYA,52.76.116.153,23
2022,06,03,yvC1QJC9TjyqSUwLMIdpYA,52.76.116.153,4
2022,06,06,yvC1QJC9TjyqSUwLMIdpYA,52.76.116.153,11
2022,06,07,yvC1QJC9TjyqSUwLMIdpYA,52.76.116.153,17
2022,06,08,yvC1QJC9TjyqSUwLMIdpYA,52.76.116.153,23
2022,06,09,yvC1QJC9TjyqSUwLMIdpYA,52.76.116.153,8
2022,06,12,yvC1QJC9TjyqSUwLMIdpYA,52.76.116.153,1
2022,06,13,yvC1QJC9TjyqSUwLMIdpYA,52.76.116.153,2
2022,06,14,yvC1QJC9TjyqSUwLMIdpYA,52.76.116.153,15
2022,06,09,yvC1QJC9TjyqSUwLMIdpYA,52.8.119.150,3
2022,06,10,yvC1QJC9TjyqSUwLMIdpYA,52.8.119.150,1
2022,06,01,yvC1QJC9TjyqSUwLMIdpYA,54.179.122.232,2
2022,06,02,yvC1QJC9TjyqSUwLMIdpYA,54.179.122.232,4
2022,06,03,yvC1QJC9TjyqSUwLMIdpYA,54.179.122.232,2
2022,06,06,yvC1QJC9TjyqSUwLMIdpYA,54.179.122.232,20
2022,06,07,yvC1QJC9TjyqSUwLMIdpYA,54.179.122.232,16
2022,06,08,yvC1QJC9TjyqSUwLMIdpYA,54.179.122.232,10
2022,06,09,yvC1QJC9TjyqSUwLMIdpYA,54.179.122.232,2
2022,06,10,yvC1QJC9TjyqSUwLMIdpYA,54.179.122.232,51
2022,06,13,yvC1QJC9TjyqSUwLMIdpYA,54.179.122.232,2
2022,06,14,yvC1QJC9TjyqSUwLMIdpYA,54.179.122.232,4
2022,06,09,yvC1QJC9TjyqSUwLMIdpYA,54.208.235.193,1
2022,06,14,yvC1QJC9TjyqSUwLMIdpYA,54.208.235.193,2
2022,06,01,yvC1QJC9TjyqSUwLMIdpYA,54.241.124.10,6
2022,06,02,yvC1QJC9TjyqSUwLMIdpYA,54.241.124.10,34
2022,06,03,yvC1QJC9TjyqSUwLMIdpYA,54.241.124.10,1
2022,06,04,yvC1QJC9TjyqSUwLMIdpYA,54.241.124.10,1
2022,06,06,yvC1QJC9TjyqSUwLMIdpYA,54.241.124.10,65
2022,06,07,yvC1QJC9TjyqSUwLMIdpYA,54.241.124.10,43
2022,06,08,yvC1QJC9TjyqSUwLMIdpYA,54.241.124.10,46
2022,06,09,yvC1QJC9TjyqSUwLMIdpYA,54.241.124.10,47
2022,06,10,yvC1QJC9TjyqSUwLMIdpYA,54.241.124.10,73
2022,06,13,yvC1QJC9TjyqSUwLMIdpYA,54.241.124.10,9
2022,06,14,yvC1QJC9TjyqSUwLMIdpYA,54.241.124.10,52
2022,06,10,yvC1QJC9TjyqSUwLMIdpYA,54.243.200.62,3
2022,06,11,yvC1QJC9TjyqSUwLMIdpYA,54.243.200.62,1
2022,06,08,yvC1QJC9TjyqSUwLMIdpYA,54.81.235.189,1
